1934,1,1945,77,52,05/05/2017 7:20,05/05/2017 10:45,1,0,0,0,0,1:50:00,0,0,,1,0,,0,0,0,0
1945,1,1934,52,41,05/05/2017 12:35,05/05/2017 15:25,1,0,0,0,0,1:00:00,0,0,,1,0,,0,0,0,0
1911,1,1908,41,52,05/05/2017 16:25,05/05/2017 18:55,1,0,0,0,0,1:05:00,0,0,,1,0,,0,0,0,0
1908,1,1911,52,77,05/05/2017 20:00,05/05/2017 23:15,1,0,0,0,0,-0.364583333,0,0,,1,0,,0,0,0,0
736,1,-1,50,25,05/05/2017 14:30,05/05/2017 17:15,2,0,0,0,0,1:40:00,0,0,,1,0,,0,0,0,0
747,1,-1,25,50,05/05/2017 18:55,05/05/2017 21:45,2,0,0,0,0,12:15:00,0,0,,1,0,,0,0,0,0
734,1,-1,50,25,06/05/2017 10:00,06/05/2017 12:50,2,0,0,0,0,-1.145833333,0,0,,1,0,,0,0,0,0
386,0,-1,23,49,05/05/2017 9:20,05/05/2017 18:55,3,0,0,0,0,-0.350694444,0,0,,2,0,,0,0,0,0
2206,1,2201,27,52,05/05/2017 10:30,05/05/2017 12:30,4,0,0,0,0,1:00:00,0,0,,1,0,,0,0,0,0
2201,1,2206,52,42,05/05/2017 13:30,05/05/2017 16:35,4,0,0,0,0,0:55:00,0,0,,1,0,,0,0,0,0
2220,1,2222,42,52,05/05/2017 17:30,05/05/2017 20:25,4,0,0,0,0,1:00:00,0,0,,1,0,,0,0,0,0
2222,1,2220,52,27,05/05/2017 21:25,05/05/2017 23:40,4,0,0,0,0,8:10:00,0,0,,1,0,,0,0,0,0
1714,1,1720,27,46,06/05/2017 7:50,06/05/2017 9:50,4,0,0,0,0,1:15:00,0,0,,1,0,,0,0,0,0
1720,1,1714,46,67,06/05/2017 11:05,06/05/2017 12:35,4,0,0,0,0,1:05:00,0,0,,1,0,,0,0,0,0
1706,1,1717,67,46,06/05/2017 13:40,06/05/2017 15:15,4,0,0,0,0,1:00:00,0,0,,1,0,,0,0,0,0
1717,1,1706,46,27,06/05/2017 16:15,06/05/2017 18:10,4,0,0,0,0,-1.46875,0,0,,1,0,,0,0,0,0
1882,1,-1,25,42,05/05/2017 6:55,05/05/2017 11:20,5,0,0,0,0,1:00:00,0,0,,1,0,,0,0,0,0
999,1,-1,42,49,05/05/2017 12:20,05/05/2017 14:20,5,0,0,0,0,1:25:00,0,0,,1,0,,0,0,0,0
699,1,-1,49,30,05/05/2017 15:45,05/05/2017 18:35,5,0,0,0,0,0:50:00,0,0,,1,0,,0,0,0,0
658,1,-1,30,49,05/05/2017 19:25,05/05/2017 22:05,5,0,0,0,0,8:45:00,0,0,,1,0,,0,0,0,0
1242,1,1253,49,33,06/05/2017 6:50,06/05/2017 8:40,5,0,0,0,0,0:45:00,0,0,,1,0,,0,0,0,0
1253,1,1242,33,67,06/05/2017 9:25,06/05/2017 10:45,5,0,0,0,0,-1.111111111,0,0,,1,0,,0,0,0,0
1477,0,852,52,49,05/05/2017 8:05,05/05/2017 9:35,6,0,0,0,0,1:00:00,0,0,,1.5,0,,0,0,0,0
852,0,1477,49,21,05/05/2017 10:35,05/05/2017 14:50,6,0,0,0,0,1:00:00,0,0,,1.5,0,,0,0,0,0
879,0,1481,21,49,05/05/2017 15:50,05/05/2017 20:10,6,0,0,0,0,1:00:00,0,0,,1.5,0,,0,0,0,0
1481,0,879,49,52,05/05/2017 21:10,05/05/2017 22:40,6,0,0,0,0,9:05:00,0,0,,1.5,0,,0,0,0,0
1692,1,-1,52,68,06/05/2017 7:45,06/05/2017 10:10,6,0,0,0,0,1:05:00,0,0,,1,0,,0,0,0,0
6,1,-1,68,49,06/05/2017 11:15,06/05/2017 13:25,6,0,0,0,0,1:05:00,0,0,,1,0,,0,0,0,0
199,1,-1,49,62,06/05/2017 14:30,06/05/2017 16:15,6,0,0,0,0,-1.368055556,0,0,,1,0,,0,0,0,0
436,1,491,49,56,05/05/2017 7:25,05/05/2017 8:50,7,0,0,0,0,0:45:00,0,0,,1,0,,0,0,0,0
491,1,436,56,76,05/05/2017 9:35,05/05/2017 12:15,7,0,0,0,0,1:00:00,0,0,,1,0,,0,0,0,0
448,1,450,76,56,05/05/2017 13:15,05/05/2017 16:00,7,0,0,0,0,0:45:00,0,0,,1,0,,0,0,0,0
450,1,448,56,49,05/05/2017 16:45,05/05/2017 18:10,7,0,0,0,0,0:55:00,0,0,,1,0,,0,0,0,0
1034,1,-1,49,31,05/05/2017 19:05,05/05/2017 20:30,7,0,0,0,0,1:30:00,0,0,,1,0,,0,0,0,0
997,1,-1,31,49,05/05/2017 22:00,05/05/2017 23:20,7,0,0,0,0,7:55:00,0,0,,1,0,,0,0,0,0
43,1,63,49,32,06/05/2017 7:15,06/05/2017 8:50,7,0,0,0,0,1:20:00,0,0,,1,0,,0,0,0,0
63,1,43,32,71,06/05/2017 10:10,06/05/2017 11:45,7,0,0,0,0,-1.118055556,0,0,,1,0,,0,0,0,0
267,0,220,22,49,05/05/2017 8:55,05/05/2017 13:15,8,0,0,0,0,1:00:00,0,0,,1.5,0,,0,0,0,0
220,0,267,49,27,05/05/2017 14:15,05/05/2017 17:15,8,0,0,0,0,3:20:00,0,0,,1.5,0,,0,0,0,0
589,1,-1,27,49,05/05/2017 20:35,05/05/2017 23:20,8,0,0,0,0,8:55:00,0,0,,1,0,,0,0,0,0
1558,1,1545,49,58,06/05/2017 8:15,06/05/2017 9:55,8,0,0,0,0,0:50:00,0,0,,1,0,,0,0,0,0
1545,1,1558,58,78,06/05/2017 10:45,06/05/2017 12:35,8,0,0,0,0,-1.145833333,0,0,,1,0,,0,0,0,0
457,1,469,77,57,05/05/2017 9:05,05/05/2017 11:50,9,0,0,0,0,1:10:00,0,0,,1,0,,0,0,0,0
469,1,457,57,49,05/05/2017 13:00,05/05/2017 14:45,9,0,0,0,0,2:50:00,0,0,,1,0,,0,0,0,0
654,1,672,49,66,05/05/2017 17:35,05/05/2017 19:00,9,0,0,0,0,1:00:00,0,0,,1,0,,0,0,0,0
672,1,654,66,25,05/05/2017 20:00,05/05/2017 22:25,9,0,0,0,0,8:25:00,0,0,,1,0,,0,0,0,0
694,1,665,25,66,06/05/2017 6:50,06/05/2017 9:25,9,0,0,0,0,1:10:00,0,0,,1,0,,0,0,0,0
665,1,694,66,49,06/05/2017 10:35,06/05/2017 12:10,9,0,0,0,0,1:05:00,0,0,,1,0,,0,0,0,0
1065,0,-1,49,16,06/05/2017 13:15,06/05/2017 16:40,9,0,0,0,0,-1.319444444,0,0,,1.5,0,,0,0,0,0
1425,0,-1,50,7,05/05/2017 9:00,05/05/2017 10:25,10,0,0,0,0,1:00:00,0,0,,1.5,0,,0,0,0,0
1431,0,-1,7,50,05/05/2017 11:25,05/05/2017 13:10,10,0,0,0,0,1:15:00,0,0,,1.5,0,,0,0,0,0
1270,1,-1,50,62,05/05/2017 14:25,05/05/2017 15:50,10,0,0,0,0,1:05:00,0,0,,1,0,,0,0,0,0
1027,1,-1,62,36,05/05/2017 16:55,05/05/2017 19:35,10,0,0,0,0,1:00:00,0,0,,1,0,,0,0,0,0
986,1,-1,36,62,05/05/2017 20:35,05/05/2017 22:55,10,0,0,0,0,10:25:00,0,0,,1,0,,0,0,0,0
139,1,-1,62,49,06/05/2017 9:20,06/05/2017 11:15,10,0,0,0,0,-1.166666667,0,0,,1,0,,0,0,0,0
2143,1,2123,52,38,05/05/2017 7:15,05/05/2017 8:50,11,0,0,0,0,1:00:00,0,0,,1,0,,0,0,0,0
2123,1,2143,38,43,05/05/2017 9:50,05/05/2017 11:55,11,0,0,0,0,0:45:00,0,0,,1,0,,0,0,0,0
2133,1,2150,43,38,05/05/2017 12:40,05/05/2017 14:45,11,0,0,0,0,1:00:00,0,0,,1,0,,0,0,0,0
2150,1,2133,38,52,05/05/2017 15:45,05/05/2017 17:00,11,0,0,0,0,1:00:00,0,0,,1,0,,0,0,0,0
607,1,-1,52,25,05/05/2017 18:00,05/05/2017 20:20,11,0,0,0,0,1:15:00,0,0,,1,0,,0,0,0,0
680,1,-1,25,52,05/05/2017 21:35,05/05/2017 23:45,11,0,0,0,0,8:20:00,0,0,,1,0,,0,0,0,0
1478,0,1485,52,49,06/05/2017 8:05,06/05/2017 9:35,11,0,0,0,0,1:00:00,0,0,,1.5,0,,0,0,0,0
1485,0,1478,49,21,06/05/2017 10:35,06/05/2017 14:50,11,0,0,0,0,-1.128472222,0,0,,1.5,0,,0,0,0,0
606,1,616,50,32,05/05/2017 11:45,05/05/2017 13:15,12,0,0,0,0,1:00:00,0,0,,1,0,,0,0,0,0
616,1,606,32,30,05/05/2017 14:15,05/05/2017 16:15,12,0,0,0,0,0:50:00,0,0,,1,0,,0,0,0,0
649,1,605,30,32,05/05/2017 17:05,05/05/2017 18:50,12,0,0,0,0,1:00:00,0,0,,1,0,,0,0,0,0
605,1,649,32,50,05/05/2017 19:50,05/05/2017 21:20,12,0,0,0,0,13:30:00,0,0,,1,0,,0,0,0,0
35,1,-1,50,67,06/05/2017 10:50,06/05/2017 13:20,12,0,0,0,0,-1.211805556,0,0,,1,0,,0,0,0,0
1547,1,1549,49,58,05/05/2017 8:15,05/05/2017 9:55,13,0,0,0,0,0:50:00,0,0,,1,0,,0,0,0,0
1549,1,1547,58,78,05/05/2017 10:45,05/05/2017 12:35,13,0,0,0,0,1:05:00,0,0,,1,0,,0,0,0,0
1015,0,1023,78,49,05/05/2017 13:40,05/05/2017 16:35,13,0,0,0,0,1:00:00,0,0,,1.5,0,,0,0,0,0
1023,0,1015,49,21,05/05/2017 17:35,05/05/2017 22:00,13,0,0,0,0,-0.548611111,0,0,,1.5,0,,0,0,0,0
566,1,-1,49,27,05/05/2017 8:50,05/05/2017 11:40,14,0,0,0,0,2:25:00,0,0,,1,0,,0,0,0,0
262,0,264,27,49,05/05/2017 14:05,05/05/2017 16:45,14,0,0,0,0,1:00:00,0,0,,1.5,0,,0,0,0,0
264,0,262,49,22,05/05/2017 17:45,05/05/2017 22:10,14,0,0,0,0,10:45:00,0,0,,1.5,0,,0,0,0,0
1357,0,1361,22,49,06/05/2017 8:55,06/05/2017 13:15,14,0,0,0,0,1:00:00,0,0,,1.5,0,,0,0,0,0
1361,0,1357,49,78,06/05/2017 14:15,06/05/2017 17:15,14,0,0,0,0,-1.34375,0,0,,1.5,0,,0,0,0,0
289,0,-1,17,49,05/05/2017 9:00,05/05/2017 11:55,15,0,0,0,0,1:05:00,0,0,,1.5,0,,0,0,0,0
543,1,506,49,57,05/05/2017 13:00,05/05/2017 14:40,15,0,0,0,0,1:00:00,0,0,,1,0,,0,0,0,0
506,1,543,57,29,05/05/2017 15:40,05/05/2017 17:20,15,0,0,0,0,1:10:00,0,0,,1,0,,0,0,0,0
509,1,582,29,57,05/05/2017 18:30,05/05/2017 20:10,15,0,0,0,0,1:00:00,0,0,,1,0,,0,0,0,0
582,1,509,57,49,05/05/2017 21:10,05/05/2017 22:55,15,0,0,0,0,8:05:00,0,0,,1,0,,0,0,0,0
147,1,-1,49,62,06/05/2017 7:00,06/05/2017 8:50,15,0,0,0,0,1:05:00,0,0,,1,0,,0,0,0,0
1175,1,-1,62,36,06/05/2017 9:55,06/05/2017 12:35,15,0,0,0,0,1:00:00,0,0,,1,0,,0,0,0,0
1187,1,-1,36,62,06/05/2017 13:35,06/05/2017 16:05,15,0,0,0,0,-1.295138889,0,0,,1,0,,0,0,0,0
1352,0,1359,20,49,05/05/2017 9:00,05/05/2017 13:55,16,0,0,0,0,1:15:00,0,0,,1.5,0,,0,0,0,0
1359,0,1352,49,37,05/05/2017 15:10,05/05/2017 17:30,16,0,0,0,0,15:05:00,0,0,,1.5,0,,0,0,0,0
211,0,170,37,49,06/05/2017 8:35,06/05/2017 10:40,16,0,0,0,0,1:05:00,0,0,,1.5,0,,0,0,0,0
170,0,211,49,22,06/05/2017 11:45,06/05/2017 16:10,16,0,0,0,0,-1.284722222,0,0,,1.5,0,,0,0,0,0
1237,0,1210,22,52,05/05/2017 9:20,05/05/2017 14:10,17,0,0,0,0,1:00:00,0,0,,1.5,0,,0,0,0,0
1210,0,1237,52,46,05/05/2017 15:10,05/05/2017 17:30,17,0,0,0,0,2:05:00,0,0,,1.5,0,,0,0,0,0
2294,1,2295,46,57,05/05/2017 19:35,05/05/2017 21:25,17,0,0,0,0,1:00:00,0,0,,1,0,,0,0,0,0
2295,1,2294,57,61,05/05/2017 22:25,05/05/2017 23:55,17,0,0,0,0,9:55:00,0,0,,1,0,,0,0,0,0
294,0,-1,61,14,06/05/2017 9:50,06/05/2017 11:15,17,0,0,0,0,1:00:00,0,0,,1.5,0,,0,0,0,0
308,0,-1,14,61,06/05/2017 12:15,06/05/2017 13:40,17,0,0,0,0,-1.173611111,0,0,,1.5,0,,0,0,0,0
245,0,-1,49,16,05/05/2017 9:30,05/05/2017 12:50,18,0,0,0,0,1:00:00,0,0,,1.5,0,,0,0,0,0
237,0,-1,16,49,05/05/2017 13:50,05/05/2017 17:10,18,0,0,0,0,1:00:00,0,0,,1.5,0,,0,0,0,0
1400,0,-1,49,18,05/05/2017 18:10,05/05/2017 23:20,18,0,0,0,0,1:10:00,0,0,,1.5,0,,0,0,0,0
1418,0,-1,18,49,06/05/2017 0:30,06/05/2017 6:10,18,0,0,0,0,3:50:00,0,0,,1.5,0,,0,0,0,0
326,0,-1,49,14,06/05/2017 10:00,06/05/2017 11:20,18,0,0,0,0,1:00:00,0,0,,1.5,0,,0,0,0,0
286,0,-1,14,49,06/05/2017 12:20,06/05/2017 13:40,18,0,0,0,0,-1.180555556,0,0,,1.5,0,,0,0,0,0
984,0,991,21,49,05/05/2017 9:20,05/05/2017 13:35,19,0,0,0,0,1:00:00,0,0,,1.5,0,,0,0,0,0
991,0,984,49,78,05/05/2017 14:35,05/05/2017 17:25,19,0,0,0,0,1:20:00,0,0,,1.5,0,,0,0,0,0
1557,1,1560,78,58,05/05/2017 18:45,05/05/2017 20:35,19,0,0,0,0,0:45:00,0,0,,1,0,,0,0,0,0
1560,1,1557,58,49,05/05/2017 21:20,05/05/2017 22:55,19,0,0,0,0,8:50:00,0,0,,1,0,,0,0,0,0
166,1,-1,49,57,06/05/2017 7:45,06/05/2017 9:35,19,0,0,0,0,1:15:00,0,0,,1,0,,0,0,0,0
184,1,-1,57,49,06/05/2017 10:50,06/05/2017 12:35,19,0,0,0,0,1:25:00,0,0,,1,0,,0,0,0,0
1228,1,-1,49,68,06/05/2017 14:00,06/05/2017 16:05,19,0,0,0,0,-1.378472222,0,0,,1,0,,0,0,0,0
596,1,-1,49,25,05/05/2017 7:00,05/05/2017 9:50,20,0,0,0,0,1:05:00,0,0,,1,0,,0,0,0,0
568,1,-1,25,49,05/05/2017 10:55,05/05/2017 14:00,20,0,0,0,0,1:00:00,0,0,,1,0,,0,0,0,0
542,1,-1,49,25,05/05/2017 15:00,05/05/2017 17:50,20,0,0,0,0,1:05:00,0,0,,1,0,,0,0,0,0
546,1,-1,25,49,05/05/2017 18:55,05/05/2017 22:00,20,0,0,0,0,11:00:00,0,0,,1,0,,0,0,0,0
559,1,-1,49,25,06/05/2017 9:00,06/05/2017 11:50,20,0,0,0,0,-0.788194444,0,0,,1,0,,0,0,0,0
427,0,-1,1,49,05/05/2017 16:55,06/05/2017 6:10,21,0,0,0,0,4:50:00,0,0,,2,0,,0,0,0,0
526,1,-1,49,25,06/05/2017 11:00,06/05/2017 13:50,21,0,0,0,0,1:30:00,0,0,,1,0,,0,0,0,0
644,1,-1,25,36,06/05/2017 15:20,06/05/2017 18:40,21,0,0,0,0,-1.392361111,0,0,,1,0,,0,0,0,0
467,0,-1,24,50,05/05/2017 9:15,05/05/2017 19:00,22,0,0,0,0,17:00:00,0,0,,2,0,,0,0,0,0
502,1,-1,50,25,06/05/2017 12:00,06/05/2017 15:00,22,0,0,0,0,-1.267361111,0,0,,1,0,,0,0,0,0
788,1,-1,25,62,05/05/2017 8:35,05/05/2017 10:55,23,0,0,0,0,1:00:00,0,0,,1,0,,0,0,0,0
718,1,-1,62,25,05/05/2017 11:55,05/05/2017 13:05,23,0,0,0,0,1:05:00,0,0,,1,0,,0,0,0,0
647,1,-1,25,49,05/05/2017 14:10,05/05/2017 16:00,23,0,0,0,0,8:10:00,0,0,,1,0,,0,0,0,0
538,0,-1,49,2,06/05/2017 0:10,06/05/2017 12:10,23,0,0,0,0,-1.111111111,0,0,,2,0,,0,0,0,0
66,0,19,49,36,05/05/2017 9:30,05/05/2017 10:45,24,0,0,0,0,2:00:00,0,0,,1.5,0,,0,0,0,0
19,0,66,36,4,05/05/2017 12:45,06/05/2017 1:25,24,0,0,0,0,3:00:00,0,0,,2,0,,0,0,0,0
69,0,73,4,36,06/05/2017 4:25,06/05/2017 18:15,24,0,0,0,0,21:30:00,0,0,,2,0,,0,0,0,0
73,0,69,36,49,07/05/2017 15:45,07/05/2017 17:00,24,0,1,0,0,-2.333333333,0,0,,1.5,2900,,0,0,0,0
558,1,-1,49,25,05/05/2017 9:00,05/05/2017 11:50,25,0,0,0,0,3:30:00,0,0,,1,0,,0,0,0,0
643,1,-1,25,36,05/05/2017 15:20,05/05/2017 18:40,25,0,0,0,0,1:00:00,0,0,,1,0,,0,0,0,0
630,1,-1,36,25,05/05/2017 19:40,05/05/2017 23:05,25,0,0,0,0,9:30:00,0,0,,1,0,,0,0,0,0
789,1,-1,25,62,06/05/2017 8:35,06/05/2017 10:55,25,0,0,0,0,1:00:00,0,0,,1,0,,0,0,0,0
719,1,-1,62,25,06/05/2017 11:55,06/05/2017 14:10,25,0,0,0,0,-1.125,0,0,,1,0,,0,0,0,0
1003,1,-1,50,31,05/05/2017 11:10,05/05/2017 12:40,26,0,0,0,0,1:10:00,0,0,,1,0,,0,0,0,0
1017,1,-1,31,50,05/05/2017 13:50,05/05/2017 15:40,26,0,0,0,0,2:50:00,0,0,,1,0,,0,0,0,0
226,1,-1,50,62,05/05/2017 18:30,05/05/2017 19:50,26,0,0,0,0,1:15:00,0,0,,1,0,,0,0,0,0
249,1,-1,62,50,05/05/2017 21:05,05/05/2017 22:35,26,0,0,0,0,-0.232638889,0,0,,1,0,,0,0,0,0
744,1,-1,49,25,05/05/2017 17:00,05/05/2017 20:05,27,0,0,0,0,1:20:00,0,0,,1,0,,0,0,0,0
600,1,-1,25,50,05/05/2017 21:25,06/05/2017 0:10,27,0,0,0,0,7:20:00,0,0,,1,0,,0,0,0,0
571,1,-1,50,25,06/05/2017 7:30,06/05/2017 10:20,27,0,0,0,0,-1.118055556,0,0,,1,0,,0,0,0,0
668,1,684,49,52,05/05/2017 7:30,05/05/2017 8:55,28,0,0,0,0,1:00:00,0,0,,1,0,,0,0,0,0
684,1,668,52,30,05/05/2017 9:55,05/05/2017 12:05,28,0,0,0,0,1:00:00,0,0,,1,0,,0,0,0,0
702,1,660,30,52,05/05/2017 13:05,05/05/2017 15:05,28,0,0,0,0,1:00:00,0,0,,1,0,,0,0,0,0
660,1,702,52,49,05/05/2017 16:05,05/05/2017 17:35,28,0,0,0,0,13:25:00,0,0,,1,0,,0,0,0,0
597,1,-1,49,25,06/05/2017 7:00,06/05/2017 9:50,28,0,0,0,0,1:05:00,0,0,,1,0,,0,0,0,0
569,1,-1,25,49,06/05/2017 10:55,06/05/2017 14:00,28,0,0,0,0,-1.270833333,0,0,,1,0,,0,0,0,0
570,1,-1,50,25,05/05/2017 7:30,05/05/2017 10:20,29,0,0,0,0,1:15:00,0,0,,1,0,,0,0,0,0
585,1,-1,25,50,05/05/2017 11:35,05/05/2017 14:35,29,0,0,0,0,1:25:00,0,0,,1,0,,0,0,0,0
577,1,-1,50,25,05/05/2017 16:00,05/05/2017 18:50,29,0,0,0,0,1:15:00,0,0,,1,0,,0,0,0,0
725,1,-1,25,49,05/05/2017 20:05,05/05/2017 23:15,29,0,0,0,0,12:00:00,0,0,,1,0,,0,0,0,0
59,1,-1,49,72,06/05/2017 11:15,06/05/2017 14:10,29,0,0,0,0,-1.253472222,0,0,,1,0,,0,0,0,0
9,1,-1,50,48,05/05/2017 8:05,05/05/2017 11:00,30,0,0,0,0,1:20:00,0,0,,1,0,,0,0,0,0
1,1,-1,48,50,05/05/2017 12:20,05/05/2017 15:10,30,0,0,0,0,1:20:00,0,0,,1,0,,0,0,0,0
1602,1,-1,50,62,05/05/2017 16:30,05/05/2017 17:55,30,0,0,0,0,1:05:00,0,0,,1,0,,0,0,0,0
223,1,-1,62,49,05/05/2017 19:00,05/05/2017 21:00,30,0,0,0,0,11:55:00,0,0,,1,0,,0,0,0,0
203,1,-1,49,62,06/05/2017 8:55,06/05/2017 10:40,30,0,0,0,0,1:00:00,0,0,,1,0,,0,0,0,0
217,1,-1,62,49,06/05/2017 11:40,06/05/2017 13:30,30,0,0,0,0,-1.138888889,0,0,,1,0,,0,0,0,0
2265,1,2266,52,32,05/05/2017 10:10,05/05/2017 12:00,31,0,0,0,0,1:00:00,0,0,,1,0,,0,0,0,0
2266,1,2265,32,47,05/05/2017 13:00,05/05/2017 15:20,31,0,0,0,0,0:45:00,0,0,,1,0,,0,0,0,0
1848,1,1824,47,68,05/05/2017 16:05,05/05/2017 17:35,31,0,0,0,0,0:50:00,0,0,,1,0,,0,0,0,0
1824,1,1848,68,50,05/05/2017 18:25,05/05/2017 20:35,31,0,0,0,0,13:50:00,0,0,,1,0,,0,0,0,0
1844,1,1845,50,68,06/05/2017 10:25,06/05/2017 12:55,31,0,0,0,0,0:45:00,0,0,,1,0,,0,0,0,0
1845,1,1844,68,47,06/05/2017 13:40,06/05/2017 15:10,31,0,0,0,0,-1.302083333,0,0,,1,0,,0,0,0,0
1741,1,1769,52,67,05/05/2017 7:55,05/05/2017 10:25,32,0,0,0,0,1:00:00,0,0,,1,0,,0,0,0,0
1769,1,1741,67,74,05/05/2017 11:25,05/05/2017 13:05,32,0,0,0,0,1:05:00,0,0,,1,0,,0,0,0,0
1770,1,1775,74,67,05/05/2017 14:10,05/05/2017 15:30,32,0,0,0,0,1:05:00,0,0,,1,0,,0,0,0,0
1775,1,1770,67,52,05/05/2017 16:35,05/05/2017 18:50,32,0,0,0,0,13:05:00,0,0,,1,0,,0,0,0,0
1735,1,1732,52,67,06/05/2017 7:55,06/05/2017 10:25,32,0,0,0,0,1:00:00,0,0,,1,0,,0,0,0,0
1732,1,1735,67,74,06/05/2017 11:25,06/05/2017 13:05,32,0,0,0,0,-1.09375,0,0,,1,0,,0,0,0,0
34,1,-1,50,67,05/05/2017 10:50,05/05/2017 13:20,33,0,0,0,0,1:10:00,0,0,,1,0,,0,0,0,0
49,1,-1,67,50,05/05/2017 14:30,05/05/2017 16:55,33,0,0,0,0,0:50:00,0,0,,1,0,,0,0,0,0
1759,1,-1,50,68,05/05/2017 17:45,05/05/2017 20:05,33,0,0,0,0,1:05:00,0,0,,1,0,,0,0,0,0
1783,1,-1,68,50,05/05/2017 21:10,05/05/2017 23:25,33,0,0,0,0,8:35:00,0,0,,1,0,,0,0,0,0
1052,1,-1,50,31,06/05/2017 8:00,06/05/2017 9:35,33,0,0,0,0,1:20:00,0,0,,1,0,,0,0,0,0
1089,1,-1,31,50,06/05/2017 10:55,06/05/2017 12:35,33,0,0,0,0,1:10:00,0,0,,1,0,,0,0,0,0
127,1,-1,50,67,06/05/2017 13:45,06/05/2017 16:15,33,0,0,0,0,-1.295138889,0,0,,1,0,,0,0,0,0
1878,1,-1,52,31,05/05/2017 9:10,05/05/2017 11:20,34,0,0,0,0,1:15:00,0,0,,1,0,,0,0,0,0
1901,1,-1,31,52,05/05/2017 12:35,05/05/2017 14:45,34,0,0,0,0,1:25:00,0,0,,1,0,,0,0,0,0
2248,1,-1,52,44,05/05/2017 16:10,05/05/2017 19:05,34,0,0,0,0,0:45:00,0,0,,1,0,,0,0,0,0
2257,1,-1,44,52,05/05/2017 19:50,05/05/2017 22:25,34,0,0,0,0,8:40:00,0,0,,1,0,,0,0,0,0
2245,1,-1,52,36,06/05/2017 7:05,06/05/2017 9:20,34,0,0,0,0,1:05:00,0,0,,1,0,,0,0,0,0
2241,1,-1,36,52,06/05/2017 10:25,06/05/2017 12:30,34,0,0,0,0,-1.038194444,0,0,,1,0,,0,0,0,0
847,1,858,49,37,05/05/2017 11:35,05/05/2017 13:55,35,0,0,0,0,1:00:00,0,0,,1,0,,0,0,0,0
858,1,847,37,45,05/05/2017 14:55,05/05/2017 17:10,35,0,0,0,0,0:45:00,0,0,,1,0,,0,0,0,0
817,1,823,45,37,05/05/2017 17:55,05/05/2017 19:45,35,0,0,0,0,1:00:00,0,0,,1,0,,0,0,0,0
823,1,817,37,49,05/05/2017 20:45,05/05/2017 23:00,35,0,0,0,0,9:50:00,0,0,,1,0,,0,0,0,0
610,0,-1,49,8,06/05/2017 8:50,06/05/2017 12:45,35,0,0,0,0,-1.222222222,0,0,,1.5,0,,0,0,0,0
122,1,-1,32,49,05/05/2017 7:25,05/05/2017 8:55,36,0,0,0,0,2:10:00,0,0,,1,0,,0,0,0,0
862,1,826,49,38,05/05/2017 11:05,05/05/2017 12:45,36,0,0,0,0,1:10:00,0,0,,1,0,,0,0,0,0
826,1,862,38,43,05/05/2017 13:55,05/05/2017 16:05,36,0,0,0,0,0:55:00,0,0,,1,0,,0,0,0,0
899,1,914,43,38,05/05/2017 17:00,05/05/2017 19:00,36,0,0,0,0,1:00:00,0,0,,1,0,,0,0,0,0
914,1,899,38,49,05/05/2017 20:00,05/05/2017 21:35,36,0,0,0,0,11:25:00,0,0,,1,0,,0,0,0,0
1809,1,-1,49,54,06/05/2017 9:00,06/05/2017 11:15,36,0,0,0,0,-1.159722222,0,0,,1,0,,0,0,0,0
1075,1,-1,50,36,05/05/2017 7:25,05/05/2017 8:45,37,0,0,0,0,1:00:00,0,0,,1,0,,0,0,0,0
487,1,444,36,49,05/05/2017 9:45,05/05/2017 11:05,37,0,0,0,0,1:00:00,0,0,,1,0,,0,0,0,0
444,1,487,49,79,05/05/2017 12:05,05/05/2017 15:35,37,0,0,0,0,1:05:00,0,0,,1,0,,0,0,0,0
301,1,310,79,60,05/05/2017 16:40,05/05/2017 18:20,37,0,0,0,0,1:00:00,0,0,,1,0,,0,0,0,0
310,1,301,60,50,05/05/2017 19:20,05/05/2017 21:30,37,0,0,0,0,16:55:00,0,0,,1,0,,0,0,0,0
1271,1,-1,50,62,06/05/2017 14:25,06/05/2017 15:50,37,0,0,0,0,1:05:00,0,0,,1,0,,0,0,0,0
1028,1,-1,62,36,06/05/2017 16:55,06/05/2017 19:35,37,0,0,0,0,1:00:00,0,0,,1,0,,0,0,0,0
987,1,-1,36,62,06/05/2017 20:35,06/05/2017 22:55,37,0,0,0,0,-1.604166667,0,0,,1,0,,0,0,0,0
2187,1,-1,52,67,05/05/2017 8:25,05/05/2017 10:50,38,0,0,0,0,1:10:00,0,0,,1,0,,0,0,0,0
2191,1,-1,67,52,05/05/2017 12:00,05/05/2017 14:20,38,0,0,0,0,1:45:00,0,0,,1,0,,0,0,0,0
1640,1,-1,52,67,05/05/2017 16:05,05/05/2017 18:30,38,0,0,0,0,1:00:00,0,0,,1,0,,0,0,0,0
1622,1,-1,67,52,05/05/2017 19:30,05/05/2017 21:50,38,0,0,0,0,12:45:00,0,0,,1,0,,0,0,0,0
1586,1,-1,52,36,06/05/2017 10:35,06/05/2017 13:05,38,0,0,0,0,-1.21875,0,0,,1,0,,0,0,0,0
406,1,414,50,57,05/05/2017 7:50,05/05/2017 9:15,39,0,0,0,0,1:00:00,0,0,,1,0,,0,0,0,0
414,1,406,57,76,05/05/2017 10:15,05/05/2017 12:35,39,0,0,0,0,0:45:00,0,0,,1,0,,0,0,0,0
425,1,428,76,57,05/05/2017 13:20,05/05/2017 15:55,39,0,0,0,0,1:00:00,0,0,,1,0,,0,0,0,0
428,1,425,57,50,05/05/2017 16:55,05/05/2017 18:20,39,0,0,0,0,0:45:00,0,0,,1,0,,0,0,0,0
1592,1,-1,50,41,05/05/2017 19:05,05/05/2017 21:10,39,0,0,0,0,0:45:00,0,0,,1,0,,0,0,0,0
1580,1,-1,41,50,05/05/2017 21:55,05/05/2017 23:55,39,0,0,0,0,8:05:00,0,0,,1,0,,0,0,0,0
1267,1,-1,50,62,06/05/2017 8:00,06/05/2017 9:25,39,0,0,0,0,1:05:00,0,0,,1,0,,0,0,0,0
1279,1,-1,62,50,06/05/2017 10:30,06/05/2017 11:55,39,0,0,0,0,2:40:00,0,0,,1,0,,0,0,0,0
1635,1,1638,50,38,06/05/2017 14:35,06/05/2017 16:15,39,0,0,0,0,1:10:00,0,0,,1,0,,0,0,0,0
1638,1,1635,38,71,06/05/2017 17:25,06/05/2017 19:05,39,0,0,0,0,-1.461805556,0,0,,1,0,,0,0,0,0
1051,1,-1,50,31,05/05/2017 8:00,05/05/2017 9:35,40,0,0,0,0,1:20:00,0,0,,1,0,,0,0,0,0
1079,1,-1,31,50,05/05/2017 10:55,05/05/2017 12:35,40,0,0,0,0,1:10:00,0,0,,1,0,,0,0,0,0
126,1,-1,50,67,05/05/2017 13:45,05/05/2017 16:15,40,0,0,0,0,1:00:00,0,0,,1,0,,0,0,0,0
140,1,-1,67,50,05/05/2017 17:15,05/05/2017 19:35,40,0,0,0,0,12:30:00,0,0,,1,0,,0,0,0,0
10,1,-1,50,48,06/05/2017 8:05,06/05/2017 11:00,40,0,0,0,0,-1.128472222,0,0,,1,0,,0,0,0,0
1567,1,-1,49,53,05/05/2017 7:55,05/05/2017 9:35,41,0,0,0,0,1:00:00,0,0,,1,0,,0,0,0,0
1571,1,-1,53,49,05/05/2017 10:35,05/05/2017 12:00,41,0,0,0,0,2:00:00,0,0,,1,0,,0,0,0,0
1227,1,-1,49,68,05/05/2017 14:00,05/05/2017 16:05,41,0,0,0,0,0:50:00,0,0,,1,0,,0,0,0,0
1264,1,-1,68,49,05/05/2017 16:55,05/05/2017 18:55,41,0,0,0,0,2:00:00,0,0,,1,0,,0,0,0,0
161,1,-1,49,62,05/05/2017 20:55,05/05/2017 22:45,41,0,0,0,0,8:45:00,0,0,,1,0,,0,0,0,0
191,1,-1,62,49,06/05/2017 7:30,06/05/2017 9:20,41,0,0,0,0,1:45:00,0,0,,1,0,,0,0,0,0
863,1,827,49,38,06/05/2017 11:05,06/05/2017 12:45,41,0,0,0,0,1:10:00,0,0,,1,0,,0,0,0,0
827,1,863,38,43,06/05/2017 13:55,06/05/2017 16:05,41,0,0,0,0,-1.3125,0,0,,1,0,,0,0,0,0
866,1,-1,49,46,05/05/2017 8:35,05/05/2017 11:25,42,0,0,0,0,1:05:00,0,0,,1,0,,0,0,0,0
874,1,-1,46,49,05/05/2017 12:30,05/05/2017 15:20,42,0,0,0,0,1:10:00,0,0,,1,0,,0,0,0,0
775,1,-1,49,46,05/05/2017 16:30,05/05/2017 19:15,42,0,0,0,0,1:00:00,0,0,,1,0,,0,0,0,0
799,1,-1,46,49,05/05/2017 20:15,05/05/2017 23:05,42,0,0,0,0,7:55:00,0,0,,1,0,,0,0,0,0
1012,1,-1,49,31,06/05/2017 7:00,06/05/2017 8:35,42,0,0,0,0,1:05:00,0,0,,1,0,,0,0,0,0
1038,1,-1,31,49,06/05/2017 9:40,06/05/2017 11:10,42,0,0,0,0,0:50:00,0,0,,1,0,,0,0,0,0
1044,1,-1,49,31,06/05/2017 12:00,06/05/2017 13:25,42,0,0,0,0,-1.243055556,0,0,,1,0,,0,0,0,0
1114,1,-1,49,41,05/05/2017 7:35,05/05/2017 9:30,43,0,0,0,0,0:50:00,0,0,,1,0,,0,0,0,0
1126,1,-1,41,49,05/05/2017 10:20,05/05/2017 12:05,43,0,0,0,0,1:00:00,0,0,,1,0,,0,0,0,0
1748,1,1751,49,32,05/05/2017 13:05,05/05/2017 14:55,43,0,0,0,0,0:55:00,0,0,,1,0,,0,0,0,0
1751,1,1748,32,70,05/05/2017 15:50,05/05/2017 17:40,43,0,0,0,0,1:05:00,0,0,,1,0,,0,0,0,0
1734,1,1742,70,32,05/05/2017 18:45,05/05/2017 20:25,43,0,0,0,0,1:00:00,0,0,,1,0,,0,0,0,0
1742,1,1734,32,49,05/05/2017 21:25,05/05/2017 23:00,43,0,0,0,0,8:35:00,0,0,,1,0,,0,0,0,0
1115,1,-1,49,41,06/05/2017 7:35,06/05/2017 9:30,43,0,0,0,0,0:50:00,0,0,,1,0,,0,0,0,0
1127,1,-1,41,49,06/05/2017 10:20,06/05/2017 12:05,43,0,0,0,0,2:15:00,0,0,,1,0,,0,0,0,0
2214,1,-1,49,35,06/05/2017 14:20,06/05/2017 15:55,43,0,0,0,0,-1.322916667,0,0,,1,0,,0,0,0,0
1118,1,-1,50,42,05/05/2017 8:10,05/05/2017 10:30,44,0,0,0,0,1:10:00,0,0,,1,0,,0,0,0,0
1139,1,-1,42,50,05/05/2017 11:40,05/05/2017 14:00,44,0,0,0,0,1:55:00,0,0,,1,0,,0,0,0,0
70,1,-1,50,48,05/05/2017 15:55,05/05/2017 19:05,44,0,0,0,0,1:10:00,0,0,,1,0,,0,0,0,0
83,1,-1,48,50,05/05/2017 20:15,05/05/2017 23:00,44,0,0,0,0,12:10:00,0,0,,1,0,,0,0,0,0
1004,1,-1,50,31,06/05/2017 11:10,06/05/2017 12:40,44,0,0,0,0,-1.229166667,0,0,,1,0,,0,0,0,0
90,1,91,49,67,05/05/2017 7:10,05/05/2017 9:50,45,0,0,0,0,1:05:00,0,0,,1,0,,0,0,0,0
91,1,90,67,69,05/05/2017 10:55,05/05/2017 13:40,45,0,0,0,0,0:50:00,0,0,,1,0,,0,0,0,0
94,1,96,69,67,05/05/2017 14:30,05/05/2017 16:55,45,0,0,0,0,1:00:00,0,0,,1,0,,0,0,0,0
96,1,94,67,49,05/05/2017 17:55,05/05/2017 20:25,45,0,0,0,0,10:45:00,0,0,,1,0,,0,0,0,0
74,1,80,49,67,06/05/2017 7:10,06/05/2017 9:50,45,0,0,0,0,1:05:00,0,0,,1,0,,0,0,0,0
80,1,74,67,69,06/05/2017 10:55,06/05/2017 13:40,45,0,0,0,0,-1.201388889,0,0,,1,0,,0,0,0,0
86,1,-1,50,68,05/05/2017 8:50,05/05/2017 11:05,46,0,0,0,0,0:50:00,0,0,,1,0,,0,0,0,0
100,1,-1,68,50,05/05/2017 11:55,05/05/2017 14:10,46,0,0,0,0,1:00:00,0,0,,1,0,,0,0,0,0
1515,0,-1,50,15,05/05/2017 15:10,05/05/2017 16:50,46,0,0,0,0,1:00:00,0,0,,1.5,0,,0,0,0,0
1514,0,-1,15,50,05/05/2017 17:50,05/05/2017 19:25,46,0,0,0,0,12:45:00,0,0,,1.5,0,,0,0,0,0
1119,1,-1,50,42,06/05/2017 8:10,06/05/2017 10:30,46,0,0,0,0,1:10:00,0,0,,1,0,,0,0,0,0
1138,1,-1,42,50,06/05/2017 11:40,06/05/2017 14:00,46,0,0,0,0,0:55:00,0,0,,1,0,,0,0,0,0
1135,1,-1,50,31,06/05/2017 14:55,06/05/2017 16:25,46,0,0,0,0,-1.295138889,0,0,,1,0,,0,0,0,0
116,1,-1,62,49,05/05/2017 9:20,05/05/2017 11:15,47,0,0,0,0,1:15:00,0,0,,1,0,,0,0,0,0
173,1,-1,49,62,05/05/2017 12:30,05/05/2017 14:15,47,0,0,0,0,1:05:00,0,0,,1,0,,0,0,0,0
269,1,-1,62,49,05/05/2017 15:20,05/05/2017 17:10,47,0,0,0,0,1:00:00,0,0,,1,0,,0,0,0,0
1147,1,-1,49,34,05/05/2017 18:10,05/05/2017 20:20,47,0,0,0,0,0:45:00,0,0,,1,0,,0,0,0,0
1098,1,-1,34,49,05/05/2017 21:05,05/05/2017 23:00,47,0,0,0,0,8:30:00,0,0,,1,0,,0,0,0,0
2116,1,2100,49,60,06/05/2017 7:30,06/05/2017 10:00,47,0,0,0,0,0:45:00,0,0,,1,0,,0,0,0,0
2100,1,2116,60,26,06/05/2017 10:45,06/05/2017 12:40,47,0,0,0,0,-1.236111111,0,0,,1,0,,0,0,0,0
1011,1,-1,49,31,05/05/2017 7:00,05/05/2017 8:35,48,0,0,0,0,1:05:00,0,0,,1,0,,0,0,0,0
1025,1,-1,31,49,05/05/2017 9:40,05/05/2017 11:10,48,0,0,0,0,1:00:00,0,0,,1,0,,0,0,0,0
334,1,396,49,60,05/05/2017 12:10,05/05/2017 14:40,48,0,0,0,0,0:45:00,0,0,,1,0,,0,0,0,0
396,1,334,60,76,05/05/2017 15:25,05/05/2017 17:20,48,0,0,0,0,0:45:00,0,0,,1,0,,0,0,0,0
349,1,354,76,60,05/05/2017 18:05,05/05/2017 20:05,48,0,0,0,0,0:55:00,0,0,,1,0,,0,0,0,0
354,1,349,60,49,05/05/2017 21:00,05/05/2017 23:25,48,0,0,0,0,8:05:00,0,0,,1,0,,0,0,0,0
669,1,685,49,52,06/05/2017 7:30,06/05/2017 8:55,48,0,0,0,0,1:00:00,0,0,,1,0,,0,0,0,0
685,1,669,52,30,06/05/2017 9:55,06/05/2017 12:05,48,0,0,0,0,-0.913194444,0,0,,1,0,,0,0,0,0
1657,1,-1,52,68,05/05/2017 14:10,05/05/2017 16:35,49,0,0,0,0,0:45:00,0,0,,1,0,,0,0,0,0
1702,1,-1,68,52,05/05/2017 17:20,05/05/2017 19:30,49,0,0,0,0,1:00:00,0,0,,1,0,,0,0,0,0
1727,1,-1,52,67,05/05/2017 20:30,05/05/2017 22:55,49,0,0,0,0,9:50:00,0,0,,1,0,,0,0,0,0
1738,1,-1,67,52,06/05/2017 8:45,06/05/2017 11:00,49,0,0,0,0,-1.145833333,0,0,,1,0,,0,0,0,0
15,1,-1,50,72,05/05/2017 7:30,05/05/2017 10:25,50,0,0,0,0,1:10:00,0,0,,1,0,,0,0,0,0
1155,1,-1,72,49,05/05/2017 11:35,05/05/2017 14:20,50,0,0,0,0,1:30:00,0,0,,1,0,,0,0,0,0
1151,1,-1,49,31,05/05/2017 15:50,05/05/2017 17:20,50,0,0,0,0,1:25:00,0,0,,1,0,,0,0,0,0
1171,1,-1,31,49,05/05/2017 18:45,05/05/2017 20:15,50,0,0,0,0,16:05:00,0,0,,1,0,,0,0,0,0
501,1,512,49,64,06/05/2017 12:20,06/05/2017 14:10,50,0,0,0,0,0:50:00,0,0,,1,0,,0,0,0,0
512,1,501,64,77,06/05/2017 15:00,06/05/2017 17:20,50,0,0,0,0,-1.326388889,0,0,,1,0,,0,0,0,0
1902,1,-1,61,31,05/05/2017 9:30,05/05/2017 10:55,51,0,0,0,0,1:00:00,0,0,,1,0,,0,0,0,0
1874,1,-1,31,61,05/05/2017 11:55,05/05/2017 13:10,51,0,0,0,0,2:00:00,0,0,,1,0,,0,0,0,0
1681,1,-1,61,68,05/05/2017 15:10,05/05/2017 17:20,51,0,0,0,0,0:50:00,0,0,,1,0,,0,0,0,0
1690,1,-1,68,61,05/05/2017 18:10,05/05/2017 20:10,51,0,0,0,0,11:00:00,0,0,,1,0,,0,0,0,0
1597,1,-1,61,66,06/05/2017 7:10,06/05/2017 8:35,51,0,0,0,0,0:50:00,0,0,,1,0,,0,0,0,0
1606,1,-1,66,61,06/05/2017 9:25,06/05/2017 11:00,51,0,0,0,0,1:30:00,0,0,,1,0,,0,0,0,0
1812,1,-1,61,62,06/05/2017 12:30,06/05/2017 14:10,51,0,0,0,0,-1.298611111,0,0,,1,0,,0,0,0,0
1598,1,-1,61,66,05/05/2017 7:00,05/05/2017 8:25,52,0,0,0,0,0:45:00,0,0,,1,0,,0,0,0,0
1615,1,-1,66,61,05/05/2017 9:10,05/05/2017 10:45,52,0,0,0,0,2:30:00,0,0,,1,0,,0,0,0,0
592,1,-1,61,25,05/05/2017 13:15,05/05/2017 16:15,52,0,0,0,0,1:00:00,0,0,,1,0,,0,0,0,0
563,1,-1,25,61,05/05/2017 17:15,05/05/2017 20:15,52,0,0,0,0,13:15:00,0,0,,1,0,,0,0,0,0
1903,1,-1,61,31,06/05/2017 9:30,06/05/2017 10:55,52,0,0,0,0,1:00:00,0,0,,1,0,,0,0,0,0
1875,1,-1,31,61,06/05/2017 11:55,06/05/2017 13:10,52,0,0,0,0,-1.076388889,0,0,,1,0,,0,0,0,0
926,1,942,50,38,05/05/2017 11:20,05/05/2017 13:00,53,0,0,0,0,1:00:00,0,0,,1,0,,0,0,0,0
942,1,926,38,45,05/05/2017 14:00,05/05/2017 16:20,53,0,0,0,0,0:45:00,0,0,,1,0,,0,0,0,0
972,1,979,45,38,05/05/2017 17:05,05/05/2017 19:10,53,0,0,0,0,1:00:00,0,0,,1,0,,0,0,0,0
979,1,972,38,50,05/05/2017 20:10,05/05/2017 21:40,53,0,0,0,0,10:25:00,0,0,,1,0,,0,0,0,0
319,1,278,50,60,06/05/2017 8:05,06/05/2017 10:10,53,0,0,0,0,0:50:00,0,0,,1,0,,0,0,0,0
278,1,319,60,79,06/05/2017 11:00,06/05/2017 12:30,53,0,0,0,0,-1.236111111,0,0,,1,0,,0,0,0,0
1291,1,-1,49,66,05/05/2017 6:50,05/05/2017 8:25,54,0,0,0,0,0:55:00,0,0,,1,0,,0,0,0,0
1263,1,-1,66,49,05/05/2017 9:20,05/05/2017 10:50,54,0,0,0,0,1:05:00,0,0,,1,0,,0,0,0,0
1043,1,-1,49,31,05/05/2017 11:55,05/05/2017 13:25,54,0,0,0,0,1:05:00,0,0,,1,0,,0,0,0,0
1072,1,-1,31,49,05/05/2017 14:30,05/05/2017 15:55,54,0,0,0,0,1:35:00,0,0,,1,0,,0,0,0,0
193,1,-1,49,62,05/05/2017 17:30,05/05/2017 19:15,54,0,0,0,0,1:05:00,0,0,,1,0,,0,0,0,0
160,1,-1,62,49,05/05/2017 20:20,05/05/2017 22:15,54,0,0,0,0,8:35:00,0,0,,1,0,,0,0,0,0
1292,1,-1,49,66,06/05/2017 6:50,06/05/2017 8:25,54,0,0,0,0,0:55:00,0,0,,1,0,,0,0,0,0
1259,1,-1,66,49,06/05/2017 9:20,06/05/2017 11:00,54,0,0,0,0,1:00:00,0,0,,1,0,,0,0,0,0
1205,1,-1,49,48,06/05/2017 12:00,06/05/2017 14:40,54,0,0,0,0,-1.256944444,0,0,,1,0,,0,0,0,0
120,1,121,67,38,05/05/2017 8:30,05/05/2017 9:55,55,0,0,0,0,1:00:00,0,0,,1,0,,0,0,0,0
121,1,120,38,50,05/05/2017 10:55,05/05/2017 12:20,55,0,0,0,0,2:15:00,0,0,,1,0,,0,0,0,0
1509,0,-1,50,9,05/05/2017 14:35,05/05/2017 17:25,55,0,0,0,0,1:00:00,0,0,,1.5,0,,0,0,0,0
1506,0,-1,9,50,05/05/2017 18:25,05/05/2017 21:25,55,0,0,0,0,13:05:00,0,0,,1.5,0,,0,0,0,0
955,1,967,50,57,06/05/2017 10:30,06/05/2017 11:55,55,0,0,0,0,1:00:00,0,0,,1,0,,0,0,0,0
967,1,955,57,44,06/05/2017 12:55,06/05/2017 15:25,55,0,0,0,0,-1.270833333,0,0,,1,0,,0,0,0,0
202,1,-1,49,62,05/05/2017 8:55,05/05/2017 10:40,56,0,0,0,0,1:00:00,0,0,,1,0,,0,0,0,0
214,1,-1,62,49,05/05/2017 11:40,05/05/2017 13:30,56,0,0,0,0,1:40:00,0,0,,1,0,,0,0,0,0
1649,1,-1,49,67,05/05/2017 15:10,05/05/2017 17:40,56,0,0,0,0,1:05:00,0,0,,1,0,,0,0,0,0
1669,1,-1,67,49,05/05/2017 18:45,05/05/2017 21:10,56,0,0,0,0,12:45:00,0,0,,1,0,,0,0,0,0
1296,1,-1,49,62,06/05/2017 9:55,06/05/2017 11:45,56,0,0,0,0,-1.128472222,0,0,,1,0,,0,0,0,0
1474,0,1166,78,50,05/05/2017 8:40,05/05/2017 11:45,57,0,0,0,0,1:05:00,0,0,,1.5,0,,0,0,0,0
1166,0,1474,50,16,05/05/2017 12:50,05/05/2017 16:25,57,0,0,0,0,1:00:00,0,0,,1.5,0,,0,0,0,0
1190,0,1487,16,50,05/05/2017 17:25,05/05/2017 20:50,57,0,0,0,0,1:00:00,0,0,,1.5,0,,0,0,0,0
1487,0,1190,50,78,05/05/2017 21:50,06/05/2017 0:15,57,0,0,0,0,8:25:00,0,0,,1.5,0,,0,0,0,0
1471,0,1159,78,50,06/05/2017 8:40,06/05/2017 11:45,57,0,0,0,0,1:05:00,0,0,,1.5,0,,0,0,0,0
1159,0,1471,50,16,06/05/2017 12:50,06/05/2017 16:25,57,0,0,0,0,-1.371527778,0,0,,1.5,0,,0,0,0,0
181,1,-1,62,49,05/05/2017 7:30,05/05/2017 9:20,58,0,0,0,0,1:00:00,0,0,,1,0,,0,0,0,0
890,1,-1,49,46,05/05/2017 10:20,05/05/2017 13:05,58,0,0,0,0,1:05:00,0,0,,1,0,,0,0,0,0
904,1,-1,46,49,05/05/2017 14:10,05/05/2017 16:55,58,0,0,0,0,1:35:00,0,0,,1,0,,0,0,0,0
2234,1,-1,49,40,05/05/2017 18:30,05/05/2017 20:30,58,0,0,0,0,1:00:00,0,0,,1,0,,0,0,0,0
2225,1,-1,40,49,05/05/2017 21:30,05/05/2017 23:25,58,0,0,0,0,10:05:00,0,0,,1,0,,0,0,0,0
246,0,-1,49,16,06/05/2017 9:30,06/05/2017 12:45,58,0,0,0,0,-1.166666667,0,0,,1.5,0,,0,0,0,0
1415,0,-1,49,7,05/05/2017 8:45,05/05/2017 10:25,59,0,0,0,0,1:00:00,0,0,,1.5,0,,0,0,0,0
1430,0,-1,7,49,05/05/2017 11:25,05/05/2017 12:50,59,0,0,0,0,1:40:00,0,0,,1.5,0,,0,0,0,0
198,1,-1,49,62,05/05/2017 14:30,05/05/2017 16:15,59,0,0,0,0,1:05:00,0,0,,1,0,,0,0,0,0
189,1,-1,62,49,05/05/2017 17:20,05/05/2017 19:10,59,0,0,0,0,1:50:00,0,0,,1,0,,0,0,0,0
4,1,-1,49,48,05/05/2017 21:00,05/05/2017 23:45,59,0,0,0,0,8:20:00,0,0,,1,0,,0,0,0,0
14,1,-1,48,49,06/05/2017 8:05,06/05/2017 10:45,59,0,0,0,0,2:30:00,0,0,,1,0,,0,0,0,0
1867,1,1870,49,38,06/05/2017 13:15,06/05/2017 14:55,59,0,0,0,0,1:00:00,0,0,,1,0,,0,0,0,0
1870,1,1867,38,44,06/05/2017 15:55,06/05/2017 18:00,59,0,0,0,0,-1.385416667,0,0,,1,0,,0,0,0,0
1737,1,-1,67,52,05/05/2017 8:45,05/05/2017 11:00,60,0,0,0,0,2:20:00,0,0,,1,0,,0,0,0,0
1722,1,1686,52,38,05/05/2017 13:20,05/05/2017 14:55,60,0,0,0,0,1:10:00,0,0,,1,0,,0,0,0,0
1686,1,1722,38,48,05/05/2017 16:05,05/05/2017 18:15,60,0,0,0,0,1:00:00,0,0,,1,0,,0,0,0,0
1697,1,1708,48,38,05/05/2017 19:15,05/05/2017 21:25,60,0,0,0,0,1:05:00,0,0,,1,0,,0,0,0,0
1708,1,1697,38,52,05/05/2017 22:30,05/05/2017 23:45,60,0,0,0,0,8:40:00,0,0,,1,0,,0,0,0,0
2188,1,-1,52,67,06/05/2017 8:25,06/05/2017 10:50,60,0,0,0,0,1:10:00,0,0,,1,0,,0,0,0,0
2192,1,-1,67,52,06/05/2017 12:00,06/05/2017 14:20,60,0,0,0,0,-1.302083333,0,0,,1,0,,0,0,0,0
2237,1,-1,27,31,05/05/2017 7:05,05/05/2017 10:10,61,0,0,0,0,1:05:00,0,0,,1,0,,0,0,0,0
2217,1,-1,31,27,05/05/2017 11:15,05/05/2017 14:25,61,0,0,0,0,3:20:00,0,0,,1,0,,0,0,0,0
1862,1,-1,27,36,05/05/2017 17:45,05/05/2017 21:05,61,0,0,0,0,1:00:00,0,0,,1,0,,0,0,0,0
1576,1,-1,36,52,05/05/2017 22:05,06/05/2017 0:10,61,0,0,0,0,7:25:00,0,0,,1,0,,0,0,0,0
1583,1,-1,52,34,06/05/2017 7:35,06/05/2017 10:10,61,0,0,0,0,0:45:00,0,0,,1,0,,0,0,0,0
1590,1,-1,34,52,06/05/2017 10:55,06/05/2017 13:15,61,0,0,0,0,-1.256944444,0,0,,1,0,,0,0,0,0
2244,1,-1,52,36,05/05/2017 7:05,05/05/2017 9:20,62,0,0,0,0,1:05:00,0,0,,1,0,,0,0,0,0
2240,1,-1,36,52,05/05/2017 10:25,05/05/2017 12:30,62,0,0,0,0,1:05:00,0,0,,1,0,,0,0,0,0
2316,1,2304,52,46,05/05/2017 13:35,05/05/2017 15:55,62,0,0,0,0,1:00:00,0,0,,1,0,,0,0,0,0
2304,1,2316,46,45,05/05/2017 16:55,05/05/2017 18:25,62,0,0,0,0,0:45:00,0,0,,1,0,,0,0,0,0
2307,1,2310,45,46,05/05/2017 19:10,05/05/2017 20:30,62,0,0,0,0,1:05:00,0,0,,1,0,,0,0,0,0
2310,1,2307,46,52,05/05/2017 21:35,05/05/2017 23:45,62,0,0,0,0,8:15:00,0,0,,1,0,,0,0,0,0
1522,1,1526,52,60,06/05/2017 8:00,06/05/2017 9:50,62,0,0,0,0,0:50:00,0,0,,1,0,,0,0,0,0
1526,1,1522,60,77,06/05/2017 10:40,06/05/2017 12:40,62,0,0,0,0,0:50:00,0,0,,1,0,,0,0,0,0
1938,1,1949,77,26,06/05/2017 13:30,06/05/2017 15:45,62,0,0,0,0,1:15:00,0,0,,1,0,,0,0,0,0
1949,1,1938,26,67,06/05/2017 17:00,06/05/2017 19:20,62,0,0,0,0,-1.496527778,0,0,,1,0,,0,0,0,0
627,1,639,27,49,05/05/2017 7:25,05/05/2017 10:15,63,0,0,0,0,1:00:00,0,0,,1,0,,0,0,0,0
639,1,627,49,41,05/05/2017 11:15,05/05/2017 13:05,63,0,0,0,0,0:50:00,0,0,,1,0,,0,0,0,0
602,1,619,41,49,05/05/2017 13:55,05/05/2017 15:45,63,0,0,0,0,1:00:00,0,0,,1,0,,0,0,0,0
619,1,602,49,27,05/05/2017 16:45,05/05/2017 19:40,63,0,0,0,0,11:55:00,0,0,,1,0,,0,0,0,0
2078,1,2066,27,38,06/05/2017 7:35,06/05/2017 9:35,63,0,0,0,0,1:00:00,0,0,,1,0,,0,0,0,0
2066,1,2078,38,61,06/05/2017 10:35,06/05/2017 12:10,63,0,0,0,0,1:05:00,0,0,,1,0,,0,0,0,0
593,1,-1,61,25,06/05/2017 13:15,06/05/2017 16:15,63,0,0,0,0,-1.402777778,0,0,,1,0,,0,0,0,0
1564,1,-1,25,63,05/05/2017 6:35,05/05/2017 9:05,64,0,0,0,0,0:55:00,0,0,,1,0,,0,0,0,0
544,1,-1,63,49,05/05/2017 10:00,05/05/2017 10:50,64,0,0,0,0,1:30:00,0,0,,1,0,,0,0,0,0
379,1,345,49,55,05/05/2017 12:20,05/05/2017 14:25,64,0,0,0,0,0:45:00,0,0,,1,0,,0,0,0,0
345,1,379,55,77,05/05/2017 15:10,05/05/2017 17:20,64,0,0,0,0,0:50:00,0,0,,1,0,,0,0,0,0
363,1,434,77,55,05/05/2017 18:10,05/05/2017 20:35,64,0,0,0,0,0:45:00,0,0,,1,0,,0,0,0,0
434,1,363,55,49,05/05/2017 21:20,05/05/2017 23:30,64,0,0,0,0,12:05:00,0,0,,1,0,,0,0,0,0
848,1,859,49,37,06/05/2017 11:35,06/05/2017 13:55,64,0,0,0,0,1:00:00,0,0,,1,0,,0,0,0,0
859,1,848,37,45,06/05/2017 14:55,06/05/2017 17:10,64,0,0,0,0,-1.375,0,0,,1,0,,0,0,0,0
2154,1,2147,61,37,05/05/2017 8:10,05/05/2017 10:15,65,0,0,0,0,1:00:00,0,0,,1,0,,0,0,0,0
2147,1,2154,37,43,05/05/2017 11:15,05/05/2017 13:10,65,0,0,0,0,1:15:00,0,0,,1,0,,0,0,0,0
2284,1,2291,43,37,05/05/2017 14:25,05/05/2017 16:05,65,0,0,0,0,1:00:00,0,0,,1,0,,0,0,0,0
2291,1,2284,37,61,05/05/2017 17:05,05/05/2017 19:10,65,0,0,0,0,0:55:00,0,0,,1,0,,0,0,0,0
1839,1,-1,61,67,05/05/2017 20:05,05/05/2017 22:45,65,0,0,0,0,9:35:00,0,0,,1,0,,0,0,0,0
1888,1,-1,67,36,06/05/2017 8:20,06/05/2017 10:30,65,0,0,0,0,1:05:00,0,0,,1,0,,0,0,0,0
1168,1,-1,36,62,06/05/2017 11:35,06/05/2017 13:55,65,0,0,0,0,-1.149305556,0,0,,1,0,,0,0,0,0
975,1,977,75,37,05/05/2017 10:20,05/05/2017 14:00,66,0,0,0,0,1:15:00,0,0,,1,0,,0,0,0,0
977,1,975,37,50,05/05/2017 15:15,05/05/2017 17:15,66,0,0,0,0,1:05:00,0,0,,1,0,,0,0,0,0
1302,0,-1,50,5,05/05/2017 18:20,05/05/2017 19:55,66,0,0,0,0,1:00:00,0,0,,1.5,0,,0,0,0,0
1303,0,-1,5,50,05/05/2017 20:55,05/05/2017 22:25,66,0,0,0,0,10:40:00,0,0,,1.5,0,,0,0,0,0
2325,1,2332,50,32,06/05/2017 9:05,06/05/2017 10:30,66,0,0,0,0,1:00:00,0,0,,1,0,,0,0,0,0
2332,1,2325,32,75,06/05/2017 11:30,06/05/2017 16:05,66,0,0,0,0,-1.256944444,0,0,,1,0,,0,0,0,0
1295,1,-1,49,62,05/05/2017 9:55,05/05/2017 11:45,67,0,0,0,0,1:30:00,0,0,,1,0,,0,0,0,0
1299,1,-1,62,49,05/05/2017 13:15,05/05/2017 15:05,67,0,0,0,0,1:50:00,0,0,,1,0,,0,0,0,0
933,1,950,49,38,05/05/2017 16:55,05/05/2017 18:50,67,0,0,0,0,1:15:00,0,0,,1,0,,0,0,0,0
950,1,933,38,75,05/05/2017 20:05,06/05/2017 0:25,67,0,0,0,0,-0.6875,0,0,,1,0,,0,0,0,0
930,1,931,75,38,05/05/2017 7:55,05/05/2017 11:45,68,0,0,0,0,1:00:00,0,0,,1,0,,0,0,0,0
931,1,930,38,49,05/05/2017 12:45,05/05/2017 14:15,68,0,0,0,0,1:40:00,0,0,,1,0,,0,0,0,0
1367,0,-1,49,10,05/05/2017 15:55,05/05/2017 18:45,68,0,0,0,0,1:00:00,0,0,,1.5,0,,0,0,0,0
1385,0,-1,10,49,05/05/2017 19:45,05/05/2017 22:40,68,0,0,0,0,9:10:00,0,0,,1.5,0,,0,0,0,0
282,1,-1,49,79,06/05/2017 7:50,06/05/2017 11:10,68,0,0,0,0,-1.173611111,0,0,,1,0,,0,0,0,0
146,1,-1,49,62,05/05/2017 7:00,05/05/2017 8:50,69,0,0,0,0,1:05:00,0,0,,1,0,,0,0,0,0
1174,1,-1,62,36,05/05/2017 9:55,05/05/2017 12:35,69,0,0,0,0,1:00:00,0,0,,1,0,,0,0,0,0
1186,1,-1,36,62,05/05/2017 13:35,05/05/2017 16:05,69,0,0,0,0,1:05:00,0,0,,1,0,,0,0,0,0
1287,1,-1,62,50,05/05/2017 17:10,05/05/2017 18:50,69,0,0,0,0,12:35:00,0,0,,1,0,,0,0,0,0
1076,1,-1,50,36,06/05/2017 7:25,06/05/2017 8:45,69,0,0,0,0,1:00:00,0,0,,1,0,,0,0,0,0
488,1,445,36,49,06/05/2017 9:45,06/05/2017 11:05,69,0,0,0,0,1:00:00,0,0,,1,0,,0,0,0,0
445,1,488,49,79,06/05/2017 12:05,06/05/2017 15:35,69,0,0,0,0,-1.333333333,0,0,,1,0,,0,0,0,0
1192,1,-1,49,72,05/05/2017 7:35,05/05/2017 10:25,70,0,0,0,0,1:15:00,0,0,,1,0,,0,0,0,0
56,1,-1,72,50,05/05/2017 11:40,05/05/2017 14:25,70,0,0,0,0,1:35:00,0,0,,1,0,,0,0,0,0
945,1,959,50,37,05/05/2017 16:00,05/05/2017 18:10,70,0,0,0,0,1:00:00,0,0,,1,0,,0,0,0,0
959,1,945,37,75,05/05/2017 19:10,05/05/2017 23:25,70,0,0,0,0,-0.538194444,0,0,,1,0,,0,0,0,0
954,1,966,50,57,05/05/2017 10:30,05/05/2017 11:55,71,0,0,0,0,1:00:00,0,0,,1,0,,0,0,0,0
966,1,954,57,44,05/05/2017 12:55,05/05/2017 15:25,71,0,0,0,0,0:45:00,0,0,,1,0,,0,0,0,0
938,1,1021,44,57,05/05/2017 16:10,05/05/2017 18:30,71,0,0,0,0,1:00:00,0,0,,1,0,,0,0,0,0
1021,1,938,57,50,05/05/2017 19:30,05/05/2017 20:55,71,0,0,0,0,11:30:00,0,0,,1,0,,0,0,0,0
711,1,-1,50,30,06/05/2017 8:25,06/05/2017 11:00,71,0,0,0,0,-1.152777778,0,0,,1,0,,0,0,0,0
921,1,918,50,38,05/05/2017 7:20,05/05/2017 8:55,72,0,0,0,0,1:00:00,0,0,,1,0,,0,0,0,0
918,1,921,38,44,05/05/2017 9:55,05/05/2017 12:10,72,0,0,0,0,1:00:00,0,0,,1,0,,0,0,0,0
898,1,903,44,38,05/05/2017 13:10,05/05/2017 15:20,72,0,0,0,0,1:00:00,0,0,,1,0,,0,0,0,0
903,1,898,38,50,05/05/2017 16:20,05/05/2017 17:50,72,0,0,0,0,0:50:00,0,0,,1,0,,0,0,0,0
144,1,150,50,38,05/05/2017 18:40,05/05/2017 20:15,72,0,0,0,0,1:00:00,0,0,,1,0,,0,0,0,0
150,1,144,38,67,05/05/2017 21:15,05/05/2017 22:50,72,0,0,0,0,9:40:00,0,0,,1,0,,0,0,0,0
1629,1,1630,67,51,06/05/2017 8:30,06/05/2017 10:25,72,0,0,0,0,0:45:00,0,0,,1,0,,0,0,0,0
1630,1,1629,51,50,06/05/2017 11:10,06/05/2017 12:25,72,0,0,0,0,-1.232638889,0,0,,1,0,,0,0,0,0
1437,1,664,25,66,05/05/2017 6:50,05/05/2017 9:25,73,0,0,0,0,1:10:00,0,0,,1,0,,0,0,0,0
664,1,1437,66,49,05/05/2017 10:35,05/05/2017 12:10,73,0,0,0,0,1:00:00,0,0,,1,0,,0,0,0,0
475,1,452,49,52,05/05/2017 13:10,05/05/2017 14:40,73,0,0,0,0,1:00:00,0,0,,1,0,,0,0,0,0
452,1,475,52,79,05/05/2017 15:40,05/05/2017 18:20,73,0,0,0,0,0:55:00,0,0,,1,0,,0,0,0,0
430,1,402,79,57,05/05/2017 19:15,05/05/2017 21:30,73,0,0,0,0,1:00:00,0,0,,1,0,,0,0,0,0
402,1,430,57,50,05/05/2017 22:30,05/05/2017 23:50,73,0,0,0,0,11:45:00,0,0,,1,0,,0,0,0,0
259,1,-1,50,62,06/05/2017 11:35,06/05/2017 12:55,73,0,0,0,0,1:10:00,0,0,,1,0,,0,0,0,0
1199,1,-1,62,36,06/05/2017 14:05,06/05/2017 16:30,73,0,0,0,0,-1.409722222,0,0,,1,0,,0,0,0,0
726,1,-1,25,50,05/05/2017 6:40,05/05/2017 9:40,74,0,0,0,0,1:20:00,0,0,,1,0,,0,0,0,0
1972,1,1985,50,27,05/05/2017 11:00,05/05/2017 13:40,74,0,0,0,0,1:00:00,0,0,,1,0,,0,0,0,0
1985,1,1972,27,76,05/05/2017 14:40,05/05/2017 16:20,74,0,0,0,0,0:50:00,0,0,,1,0,,0,0,0,0
1966,1,1973,76,27,05/05/2017 17:10,05/05/2017 18:50,74,0,0,0,0,1:10:00,0,0,,1,0,,0,0,0,0
1973,1,1966,27,50,05/05/2017 20:00,05/05/2017 22:45,74,0,0,0,0,14:00:00,0,0,,1,0,,0,0,0,0
411,1,420,50,57,06/05/2017 12:45,06/05/2017 14:10,74,0,0,0,0,1:00:00,0,0,,1,0,,0,0,0,0
420,1,411,57,79,06/05/2017 15:10,06/05/2017 17:30,74,0,0,0,0,-1.347222222,0,0,,1,0,,0,0,0,0
1408,0,-1,52,7,05/05/2017 9:10,05/05/2017 11:00,75,0,0,0,0,1:00:00,0,0,,1.5,0,,0,0,0,0
1409,0,-1,7,52,05/05/2017 12:00,05/05/2017 13:50,75,0,0,0,0,3:30:00,0,0,,1.5,0,,0,0,0,0
2064,1,-1,52,78,05/05/2017 17:20,05/05/2017 19:25,75,0,0,0,0,1:00:00,0,0,,1,0,,0,0,0,0
2065,1,-1,78,52,05/05/2017 20:25,05/05/2017 22:40,75,0,0,0,0,10:30:00,0,0,,1,0,,0,0,0,0
1879,1,-1,52,31,06/05/2017 9:10,06/05/2017 11:20,75,0,0,0,0,1:15:00,0,0,,1,0,,0,0,0,0
1898,1,-1,31,52,06/05/2017 12:35,06/05/2017 14:45,75,0,0,0,0,3:25:00,0,0,,1,0,,0,0,0,0
2137,1,-1,52,30,06/05/2017 18:10,06/05/2017 20:20,75,0,0,0,0,0:50:00,0,0,,1,0,,0,0,0,0
2131,1,-1,30,52,06/05/2017 21:10,06/05/2017 23:15,75,0,0,0,0,11:20:00,0,0,*,1,0,,0,0,0,0
1587,1,-1,52,36,07/05/2017 10:35,07/05/2017 13:05,75,0,0,0,0,-2.104166667,0,0,,1,0,,0,0,0,0
1585,1,-1,52,36,05/05/2017 10:35,05/05/2017 13:05,76,0,0,0,0,1:05:00,0,0,,1,0,,0,0,0,0
1090,1,-1,36,50,05/05/2017 14:10,05/05/2017 15:40,76,0,0,0,0,0:45:00,0,0,,1,0,,0,0,0,0
26,1,-1,50,72,05/05/2017 16:25,05/05/2017 19:25,76,0,0,0,0,1:00:00,0,0,,1,0,,0,0,0,0
40,1,-1,72,50,05/05/2017 20:25,05/05/2017 23:10,76,0,0,0,0,8:40:00,0,0,,1,0,,0,0,0,0
407,1,415,50,57,06/05/2017 7:50,06/05/2017 9:15,76,0,0,0,0,1:00:00,0,0,,1,0,,0,0,0,0
415,1,407,57,76,06/05/2017 10:15,06/05/2017 12:35,76,0,0,0,0,-1.121527778,0,0,,1,0,,0,0,0,0
676,1,690,49,32,05/05/2017 9:40,05/05/2017 11:30,77,0,0,0,0,1:20:00,0,0,,1,0,,0,0,0,0
690,1,676,32,30,05/05/2017 12:50,05/05/2017 14:50,77,0,0,0,0,1:10:00,0,0,,1,0,,0,0,0,0
651,1,652,30,32,05/05/2017 16:00,05/05/2017 17:45,77,0,0,0,0,0:50:00,0,0,,1,0,,0,0,0,0
652,1,651,32,49,05/05/2017 18:35,05/05/2017 20:15,77,0,0,0,0,1:15:00,0,0,,1,0,,0,0,0,0
495,1,-1,49,25,05/05/2017 21:30,06/05/2017 0:20,77,0,0,0,0,6:25:00,0,0,,1,0,,0,0,0,0
520,1,-1,25,49,06/05/2017 6:45,06/05/2017 9:55,77,0,0,0,0,1:10:00,0,0,,1,0,,0,0,0,0
136,1,-1,49,67,06/05/2017 11:05,06/05/2017 13:45,77,0,0,0,0,-1.229166667,0,0,,1,0,,0,0,0,0
1129,1,1141,50,35,05/05/2017 8:15,05/05/2017 9:45,78,0,0,0,0,0:45:00,0,0,,1,0,,0,0,0,0
1141,1,1129,35,34,05/05/2017 10:30,05/05/2017 11:50,78,0,0,0,0,0:50:00,0,0,,1,0,,0,0,0,0
1102,1,1111,34,35,05/05/2017 12:40,05/05/2017 13:55,78,0,0,0,0,0:45:00,0,0,,1,0,,0,0,0,0
1111,1,1102,35,50,05/05/2017 14:40,05/05/2017 16:10,78,0,0,0,0,1:55:00,0,0,,1,0,,0,0,0,0
993,1,-1,50,31,05/05/2017 18:05,05/05/2017 19:40,78,0,0,0,0,1:05:00,0,0,,1,0,,0,0,0,0
1008,1,-1,31,50,05/05/2017 20:45,05/05/2017 22:35,78,0,0,0,0,12:45:00,0,0,,1,0,,0,0,0,0
927,1,943,50,38,06/05/2017 11:20,06/05/2017 13:00,78,0,0,0,0,1:00:00,0,0,,1,0,,0,0,0,0
943,1,927,38,45,06/05/2017 14:00,06/05/2017 16:20,78,0,0,0,0,-1.381944444,0,0,,1,0,,0,0,0,0
1594,1,-1,61,66,05/05/2017 7:10,05/05/2017 8:35,79,0,0,0,0,0:50:00,0,0,,1,0,,0,0,0,0
1605,1,-1,66,61,05/05/2017 9:25,05/05/2017 11:00,79,0,0,0,0,4:10:00,0,0,,1,0,,0,0,0,0
1828,1,1833,61,35,05/05/2017 15:10,05/05/2017 16:20,79,0,0,0,0,0:45:00,0,0,,1,0,,0,0,0,0
1833,1,1828,35,48,05/05/2017 17:05,05/05/2017 19:05,79,0,0,0,0,1:05:00,0,0,,1,0,,0,0,0,0
1826,1,1827,48,35,05/05/2017 20:10,05/05/2017 22:00,79,0,0,0,0,0:45:00,0,0,,1,0,,0,0,0,0
1827,1,1826,35,61,05/05/2017 22:45,05/05/2017 23:55,79,0,0,0,0,7:05:00,0,0,,1,0,,0,0,0,0
1599,1,-1,61,66,06/05/2017 7:00,06/05/2017 8:25,79,0,0,0,0,0:45:00,0,0,,1,0,,0,0,0,0
1609,1,-1,66,61,06/05/2017 9:10,06/05/2017 10:45,79,0,0,0,0,2:40:00,0,0,,1,0,,0,0,0,0
2296,1,2289,61,32,06/05/2017 13:25,06/05/2017 15:00,79,0,0,0,0,1:00:00,0,0,,1,0,,0,0,0,0
2289,1,2296,32,44,06/05/2017 16:00,06/05/2017 18:25,79,0,0,0,0,-1.378472222,0,0,,1,0,,0,0,0,0
1440,0,-1,50,8,05/05/2017 9:20,05/05/2017 12:40,80,0,0,0,0,1:15:00,0,0,,1.5,0,,0,0,0,0
1442,0,-1,8,50,05/05/2017 13:55,05/05/2017 17:45,80,0,0,0,0,1:35:00,0,0,,1.5,0,,0,0,0,0
1511,1,-1,50,33,05/05/2017 19:20,05/05/2017 21:10,80,0,0,0,0,0:45:00,0,0,,1,0,,0,0,0,0
1507,1,-1,33,50,05/05/2017 21:55,05/05/2017 23:45,80,0,0,0,0,9:35:00,0,0,,1,0,,0,0,0,0
1438,0,-1,50,8,06/05/2017 9:20,06/05/2017 12:40,80,0,0,0,0,-1.194444444,0,0,,1.5,0,,0,0,0,0
1266,1,-1,50,62,05/05/2017 8:00,05/05/2017 9:25,81,0,0,0,0,1:05:00,0,0,,1,0,,0,0,0,0
1278,1,-1,62,50,05/05/2017 10:30,05/05/2017 11:55,81,0,0,0,0,0:50:00,0,0,,1,0,,0,0,0,0
410,1,419,50,57,05/05/2017 12:45,05/05/2017 14:10,81,0,0,0,0,1:00:00,0,0,,1,0,,0,0,0,0
419,1,410,57,79,05/05/2017 15:10,05/05/2017 17:30,81,0,0,0,0,0:45:00,0,0,,1,0,,0,0,0,0
551,1,504,79,52,05/05/2017 18:15,05/05/2017 21:05,81,0,0,0,0,1:05:00,0,0,,1,0,,0,0,0,0
504,1,551,52,49,05/05/2017 22:10,05/05/2017 23:40,81,0,0,0,0,8:25:00,0,0,,1,0,,0,0,0,0
1087,1,-1,49,38,06/05/2017 8:05,06/05/2017 9:45,81,0,0,0,0,1:00:00,0,0,,1,0,,0,0,0,0
1048,1,-1,38,49,06/05/2017 10:45,06/05/2017 12:15,81,0,0,0,0,-1.215277778,0,0,,1,0,,0,0,0,0
2044,1,2046,49,65,05/05/2017 7:05,05/05/2017 9:50,82,0,0,0,0,1:00:00,0,0,,1,0,,0,0,0,0
2046,1,2044,65,77,05/05/2017 10:50,05/05/2017 12:40,82,0,0,0,0,0:50:00,0,0,,1,0,,0,0,0,0
1937,1,1948,77,26,05/05/2017 13:30,05/05/2017 15:45,82,0,0,0,0,1:15:00,0,0,,1,0,,0,0,0,0
1948,1,1937,26,67,05/05/2017 17:00,05/05/2017 19:20,82,0,0,0,0,1:35:00,0,0,,1,0,,0,0,0,0
1849,1,-1,67,61,05/05/2017 20:55,05/05/2017 23:20,82,0,0,0,0,8:25:00,0,0,,1,0,,0,0,0,0
1780,1,1762,61,32,06/05/2017 7:45,06/05/2017 9:20,82,0,0,0,0,0:55:00,0,0,,1,0,,0,0,0,0
1762,1,1780,32,67,06/05/2017 10:15,06/05/2017 11:40,82,0,0,0,0,-1.003472222,0,0,,1,0,,0,0,0,0
258,1,-1,50,62,05/05/2017 11:35,05/05/2017 12:55,83,0,0,0,0,1:10:00,0,0,,1,0,,0,0,0,0
1198,1,-1,62,36,05/05/2017 14:05,05/05/2017 16:30,83,0,0,0,0,1:10:00,0,0,,1,0,,0,0,0,0
1886,1,-1,36,67,05/05/2017 17:40,05/05/2017 19:55,83,0,0,0,0,1:30:00,0,0,,1,0,,0,0,0,0
1573,1,-1,67,32,05/05/2017 21:25,05/05/2017 23:00,83,0,0,0,0,8:50:00,0,0,,1,0,,0,0,0,0
2196,1,-1,32,67,06/05/2017 7:50,06/05/2017 9:20,83,0,0,0,0,-1.059027778,0,0,,1,0,,0,0,0,0
1977,1,1952,32,57,05/05/2017 7:55,05/05/2017 9:25,84,0,0,0,0,1:00:00,0,0,,1,0,,0,0,0,0
1952,1,1977,57,78,05/05/2017 10:25,05/05/2017 12:05,84,0,0,0,0,0:50:00,0,0,,1,0,,0,0,0,0
1962,1,1968,78,57,05/05/2017 12:55,05/05/2017 14:35,84,0,0,0,0,1:00:00,0,0,,1,0,,0,0,0,0
1968,1,1962,57,32,05/05/2017 15:35,05/05/2017 17:10,84,0,0,0,0,1:40:00,0,0,,1,0,,0,0,0,0
612,1,-1,32,25,05/05/2017 18:50,05/05/2017 21:05,84,0,0,0,0,1:05:00,0,0,,1,0,,0,0,0,0
623,1,-1,25,32,05/05/2017 22:10,06/05/2017 0:45,84,0,0,0,0,7:10:00,0,0,,1,0,,0,0,0,0
1978,1,1953,32,57,06/05/2017 7:55,06/05/2017 9:25,84,0,0,0,0,1:00:00,0,0,,1,0,,0,0,0,0
1953,1,1978,57,78,06/05/2017 10:25,06/05/2017 12:05,84,0,0,0,0,0:50:00,0,0,,1,0,,0,0,0,0
1963,1,1969,78,57,06/05/2017 12:55,06/05/2017 14:35,84,0,0,0,0,1:00:00,0,0,,1,0,,0,0,0,0
1969,1,1963,57,32,06/05/2017 15:35,06/05/2017 17:10,84,0,0,0,0,1:40:00,0,0,,1,0,,0,0,0,0
613,1,-1,32,25,06/05/2017 18:50,06/05/2017 21:05,84,0,0,0,0,1:05:00,0,0,,1,0,,0,0,0,0
624,1,-1,25,32,06/05/2017 22:10,07/05/2017 0:45,84,0,0,0,0,-1.621527778,0,0,,1,0,,0,0,0,0
293,0,-1,61,14,05/05/2017 9:50,05/05/2017 11:15,85,0,0,0,0,1:00:00,0,0,,1.5,0,,0,0,0,0
307,0,-1,14,61,05/05/2017 12:15,05/05/2017 13:40,85,0,0,0,0,1:20:00,0,0,,1.5,0,,0,0,0,0
1459,0,-1,61,15,05/05/2017 15:00,05/05/2017 16:35,85,0,0,0,0,1:05:00,0,0,,1.5,0,,0,0,0,0
1455,0,-1,15,61,05/05/2017 17:40,05/05/2017 19:05,85,0,0,0,0,18:35:00,0,0,,1.5,0,,0,0,0,0
1449,0,-1,61,11,06/05/2017 13:40,06/05/2017 16:10,85,0,0,0,0,-1.194444444,0,0,,1.5,0,,0,0,0,0
1491,0,-1,61,12,05/05/2017 11:30,05/05/2017 14:15,86,0,0,0,0,1:00:00,0,0,,1.5,0,,0,0,0,0
1494,0,-1,12,61,05/05/2017 15:15,05/05/2017 18:00,86,0,0,0,0,13:40:00,0,0,,1.5,0,,0,0,0,0
1743,1,-1,61,68,06/05/2017 7:40,06/05/2017 9:45,86,0,0,0,0,1:05:00,0,0,,1,0,,0,0,0,0
1757,1,-1,68,61,06/05/2017 10:50,06/05/2017 12:50,86,0,0,0,0,-1.194444444,0,0,,1,0,,0,0,0,0
2276,1,2272,61,57,05/05/2017 8:10,05/05/2017 9:45,87,0,0,0,0,1:00:00,0,0,,1,0,,0,0,0,0
2272,1,2276,57,46,05/05/2017 10:45,05/05/2017 12:40,87,0,0,0,0,1:30:00,0,0,,1,0,,0,0,0,0
1224,0,1233,46,52,05/05/2017 14:10,05/05/2017 16:35,87,0,0,0,0,1:25:00,0,0,,1.5,0,,0,0,0,0
1233,0,1224,52,22,05/05/2017 18:00,05/05/2017 23:00,87,0,0,0,0,10:20:00,0,0,,1.5,0,,0,0,0,0
1238,0,1211,22,52,06/05/2017 9:20,06/05/2017 14:10,87,0,0,0,0,1:00:00,0,0,,1.5,0,,0,0,0,0
1211,0,1238,52,46,06/05/2017 15:10,06/05/2017 17:30,87,0,0,0,0,-1.40625,0,0,,1.5,0,,0,0,0,0
165,1,-1,49,57,05/05/2017 7:45,05/05/2017 9:35,88,0,0,0,0,1:15:00,0,0,,1,0,,0,0,0,0
183,1,-1,57,49,05/05/2017 10:50,05/05/2017 12:35,88,0,0,0,0,1:15:00,0,0,,1,0,,0,0,0,0
1060,0,-1,49,16,05/05/2017 13:50,05/05/2017 17:15,88,0,0,0,0,1:20:00,0,0,,1.5,0,,0,0,0,0
1071,0,-1,16,49,05/05/2017 18:35,05/05/2017 21:55,88,0,0,0,0,10:25:00,0,0,,1.5,0,,0,0,0,0
1275,1,-1,49,68,06/05/2017 8:20,06/05/2017 10:30,88,0,0,0,0,0:55:00,0,0,,1,0,,0,0,0,0
1711,1,-1,68,52,06/05/2017 11:25,06/05/2017 13:50,88,0,0,0,0,-1.159722222,0,0,,1,0,,0,0,0,0
740,1,-1,50,25,05/05/2017 10:00,05/05/2017 12:50,89,0,0,0,0,1:00:00,0,0,,1,0,,0,0,0,0
751,1,-1,25,50,05/05/2017 13:50,05/05/2017 16:40,89,0,0,0,0,0:50:00,0,0,,1,0,,0,0,0,0
1107,1,-1,50,36,05/05/2017 17:30,05/05/2017 18:55,89,0,0,0,0,1:20:00,0,0,,1,0,,0,0,0,0
1872,1,-1,36,27,05/05/2017 20:15,05/05/2017 23:20,89,0,0,0,0,10:45:00,0,0,,1,0,,0,0,0,0
1321,0,1329,27,49,06/05/2017 10:05,06/05/2017 12:55,89,0,0,0,0,1:05:00,0,0,,1.5,0,,0,0,0,0
1329,0,1321,49,15,06/05/2017 14:00,06/05/2017 15:20,89,0,0,0,0,0:55:00,0,0,,1.5,0,,0,0,0,0
1380,0,1391,15,52,06/05/2017 16:15,06/05/2017 18:25,89,0,0,0,0,1:00:00,0,0,,1.5,0,,0,0,0,0
1391,0,1380,52,78,06/05/2017 19:25,06/05/2017 21:30,89,0,0,0,0,12:15:00,0,0,,1.5,0,,0,0,0,0
1318,0,1365,78,52,07/05/2017 9:45,07/05/2017 11:55,89,0,0,0,0,1:00:00,0,0,*,1.5,0,,0,0,0,0
1365,0,1318,52,15,07/05/2017 12:55,07/05/2017 15:10,89,0,0,0,0,-2.329861111,0,0,,1.5,0,,0,0,0,0
42,1,62,49,32,05/05/2017 7:15,05/05/2017 8:50,90,0,0,0,0,1:20:00,0,0,,1,0,,0,0,0,0
62,1,42,32,71,05/05/2017 10:10,05/05/2017 11:45,90,0,0,0,0,0:45:00,0,0,,1,0,,0,0,0,0
46,1,47,71,32,05/05/2017 12:30,05/05/2017 14:15,90,0,0,0,0,1:00:00,0,0,,1,0,,0,0,0,0
47,1,46,32,49,05/05/2017 15:15,05/05/2017 16:40,90,0,0,0,0,1:10:00,0,0,,1,0,,0,0,0,0
804,0,-1,49,11,05/05/2017 17:50,05/05/2017 20:20,90,0,0,0,0,1:00:00,0,0,,1.5,0,,0,0,0,0
757,0,-1,11,49,05/05/2017 21:20,05/05/2017 23:35,90,0,0,0,0,7:35:00,0,0,,1.5,0,,0,0,0,0
2346,1,2347,49,65,06/05/2017 7:10,06/05/2017 9:55,90,0,0,0,0,0:40:00,0,0,,1,0,,0,0,0,0
2347,1,2346,65,77,06/05/2017 10:35,06/05/2017 12:25,90,0,0,0,0,-1.180555556,0,0,,1,0,,0,0,0,0
1086,1,-1,49,38,05/05/2017 8:05,05/05/2017 9:45,91,0,0,0,0,1:00:00,0,0,,1,0,,0,0,0,0
1047,1,-1,38,49,05/05/2017 10:45,05/05/2017 12:15,91,0,0,0,0,1:20:00,0,0,,1,0,,0,0,0,0
534,1,-1,49,63,05/05/2017 13:35,05/05/2017 14:30,91,0,0,0,0,1:00:00,0,0,,1,0,,0,0,0,0
298,0,-1,63,14,05/05/2017 15:30,05/05/2017 17:05,91,0,0,0,0,1:00:00,0,0,,1.5,0,,0,0,0,0
305,0,-1,14,63,05/05/2017 18:05,05/05/2017 19:45,91,0,0,0,0,2:05:00,0,0,,1.5,0,,0,0,0,0
1561,1,-1,63,25,05/05/2017 21:50,06/05/2017 0:15,91,0,0,0,0,6:10:00,0,0,,1,0,,0,0,0,0
1565,1,-1,25,63,06/05/2017 6:25,06/05/2017 8:55,91,0,0,0,0,1:05:00,0,0,,1,0,,0,0,0,0
553,1,-1,63,49,06/05/2017 10:00,06/05/2017 10:50,91,0,0,0,0,1:40:00,0,0,,1,0,,0,0,0,0
174,1,-1,49,62,06/05/2017 12:30,06/05/2017 14:15,91,0,0,0,0,-1.3125,0,0,,1,0,,0,0,0,0
519,1,-1,25,49,05/05/2017 6:45,05/05/2017 9:55,92,0,0,0,0,1:20:00,0,0,,1,0,,0,0,0,0
55,1,-1,49,72,05/05/2017 11:15,05/05/2017 14:10,92,0,0,0,0,1:05:00,0,0,,1,0,,0,0,0,0
24,1,-1,72,49,05/05/2017 15:15,05/05/2017 17:55,92,0,0,0,0,0:40:00,0,0,,1,0,,0,0,0,0
347,1,357,49,60,05/05/2017 18:35,05/05/2017 21:10,92,0,0,0,0,0:45:00,0,0,,1,0,,0,0,0,0
357,1,347,60,78,05/05/2017 21:55,05/05/2017 22:50,92,0,0,0,0,9:55:00,0,0,,1,0,,0,0,0,0
367,1,368,78,60,06/05/2017 8:45,06/05/2017 9:55,92,0,0,0,0,0:55:00,0,0,,1,0,,0,0,0,0
368,1,367,60,49,06/05/2017 10:50,06/05/2017 13:20,92,0,0,0,0,-1.190972222,0,0,,1,0,,0,0,0,0
383,1,389,78,60,05/05/2017 8:45,05/05/2017 9:55,93,0,0,0,0,0:55:00,0,0,,1,0,,0,0,0,0
389,1,383,60,49,05/05/2017 10:50,05/05/2017 13:20,93,0,0,0,0,1:00:00,0,0,,1,0,,0,0,0,0
2224,1,-1,49,35,05/05/2017 14:20,05/05/2017 15:55,93,0,0,0,0,0:45:00,0,0,,1,0,,0,0,0,0
2205,1,-1,35,49,05/05/2017 16:40,05/05/2017 17:55,93,0,0,0,0,1:05:00,0,0,,1,0,,0,0,0,0
230,1,-1,49,62,05/05/2017 19:00,05/05/2017 20:45,93,0,0,0,0,1:00:00,0,0,,1,0,,0,0,0,0
255,1,-1,62,49,05/05/2017 21:45,05/05/2017 23:35,93,0,0,0,0,10:45:00,0,0,,1,0,,0,0,0,0
891,1,-1,49,46,06/05/2017 10:20,06/05/2017 13:05,93,0,0,0,0,-1.215277778,0,0,,1,0,,0,0,0,0
867,1,819,50,46,05/05/2017 7:55,05/05/2017 10:40,94,0,0,0,0,1:05:00,0,0,,1,0,,0,0,0,0
819,1,867,46,43,05/05/2017 11:45,05/05/2017 12:55,94,0,0,0,0,0:45:00,0,0,,1,0,,0,0,0,0
856,1,857,43,46,05/05/2017 13:40,05/05/2017 14:50,94,0,0,0,0,1:00:00,0,0,,1,0,,0,0,0,0
857,1,856,46,50,05/05/2017 15:50,05/05/2017 18:25,94,0,0,0,0,13:05:00,0,0,,1,0,,0,0,0,0
16,1,-1,50,72,06/05/2017 7:30,06/05/2017 10:25,94,0,0,0,0,-1.059027778,0,0,,1,0,,0,0,0,0
1808,1,-1,49,54,05/05/2017 9:00,05/05/2017 11:15,95,0,0,0,0,0:45:00,0,0,,1,0,,0,0,0,0
1816,1,-1,54,49,05/05/2017 12:00,05/05/2017 14:25,95,0,0,0,0,1:35:00,0,0,,1,0,,0,0,0,0
251,1,-1,49,62,05/05/2017 16:00,05/05/2017 17:45,95,0,0,0,0,1:10:00,0,0,,1,0,,0,0,0,0
1612,1,-1,62,50,05/05/2017 18:55,05/05/2017 20:25,95,0,0,0,0,12:35:00,0,0,,1,0,,0,0,0,0
1503,0,-1,50,12,06/05/2017 9:00,06/05/2017 12:00,95,0,0,0,0,-1.145833333,0,0,,1.5,0,,0,0,0,0
749,0,-1,61,11,05/05/2017 8:30,05/05/2017 11:00,96,0,0,0,0,0:55:00,0,0,,1.5,0,,0,0,0,0
808,0,-1,11,61,05/05/2017 11:55,05/05/2017 14:25,96,0,0,0,0,5:05:00,0,0,,1.5,0,,0,0,0,0
1784,1,-1,61,62,05/05/2017 19:30,05/05/2017 21:00,96,0,0,0,0,1:00:00,0,0,,1,0,,0,0,0,0
1797,1,-1,62,61,05/05/2017 22:00,05/05/2017 23:40,96,0,0,0,0,8:30:00,0,0,,1,0,,0,0,0,0
2155,1,2148,61,37,06/05/2017 8:10,06/05/2017 10:15,96,0,0,0,0,1:00:00,0,0,,1,0,,0,0,0,0
2148,1,2155,37,43,06/05/2017 11:15,06/05/2017 13:10,96,0,0,0,0,-1.128472222,0,0,,1,0,,0,0,0,0
1320,0,1328,27,49,05/05/2017 10:05,05/05/2017 12:55,97,0,0,0,0,1:05:00,0,0,,1.5,0,,0,0,0,0
1328,0,1320,49,15,05/05/2017 14:00,05/05/2017 15:20,97,0,0,0,0,0:55:00,0,0,,1.5,0,,0,0,0,0
1379,0,1390,15,52,05/05/2017 16:15,05/05/2017 18:25,97,0,0,0,0,1:00:00,0,0,,1.5,0,,0,0,0,0
1390,0,1379,52,78,05/05/2017 19:25,05/05/2017 21:30,97,0,0,0,0,12:15:00,0,0,,1.5,0,,0,0,0,0
1317,0,1364,78,52,06/05/2017 9:45,06/05/2017 11:55,97,0,0,0,0,1:00:00,0,0,,1.5,0,,0,0,0,0
1364,0,1317,52,15,06/05/2017 12:55,06/05/2017 15:10,97,0,0,0,0,-1.28125,0,0,,1.5,0,,0,0,0,0
710,1,-1,50,30,05/05/2017 8:25,05/05/2017 11:00,98,0,0,0,0,0:45:00,0,0,,1,0,,0,0,0,0
722,1,-1,30,50,05/05/2017 11:45,05/05/2017 14:20,98,0,0,0,0,0:35:00,0,0,,1,0,,0,0,0,0
1134,1,-1,50,31,05/05/2017 14:55,05/05/2017 16:25,98,0,0,0,0,1:00:00,0,0,,1,0,,0,0,0,0
1106,1,-1,31,50,05/05/2017 17:25,05/05/2017 19:10,98,0,0,0,0,1:50:00,0,0,,1,0,,0,0,0,0
714,1,-1,50,25,05/05/2017 21:00,06/05/2017 0:05,98,0,0,0,0,6:35:00,0,0,,1,0,,0,0,0,0
727,1,-1,25,50,06/05/2017 6:40,06/05/2017 9:40,98,0,0,0,0,4:50:00,0,0,,1,0,,0,0,0,0
732,1,-1,50,25,06/05/2017 14:30,06/05/2017 17:15,98,0,0,0,0,-1.451388889,0,0,,1,0,,0,0,0,0
2070,1,-1,25,61,05/05/2017 6:25,05/05/2017 9:20,100,0,0,0,0,3:10:00,0,0,,1,0,,0,0,0,0
1811,1,-1,61,62,05/05/2017 12:30,05/05/2017 14:10,100,0,0,0,0,1:05:00,0,0,,1,0,,0,0,0,0
1819,1,-1,62,61,05/05/2017 15:15,05/05/2017 16:55,100,0,0,0,0,14:15:00,0,0,,1,0,,0,0,0,0
2084,1,2088,61,38,06/05/2017 7:10,06/05/2017 8:45,100,0,0,0,0,1:00:00,0,0,,1,0,,0,0,0,0
2088,1,2084,38,30,06/05/2017 9:45,06/05/2017 11:20,100,0,0,0,0,-1.135416667,0,0,,1,0,,0,0,0,0
391,1,338,50,54,05/05/2017 8:05,05/05/2017 10:20,101,0,0,0,0,0:45:00,0,0,,1,0,,0,0,0,0
338,1,391,54,78,05/05/2017 11:05,05/05/2017 12:10,101,0,0,0,0,1:00:00,0,0,,1,0,,0,0,0,0
365,1,371,78,54,05/05/2017 13:10,05/05/2017 14:20,101,0,0,0,0,0:45:00,0,0,,1,0,,0,0,0,0
371,1,365,54,50,05/05/2017 15:05,05/05/2017 17:15,101,0,0,0,0,1:10:00,0,0,,1,0,,0,0,0,0
1427,0,-1,50,6,05/05/2017 18:25,05/05/2017 19:45,101,0,0,0,0,1:00:00,0,0,,1.5,0,,0,0,0,0
1398,0,-1,6,50,05/05/2017 20:45,05/05/2017 22:10,101,0,0,0,0,10:40:00,0,0,,1.5,0,,0,0,0,0
87,1,-1,50,68,06/05/2017 8:50,06/05/2017 11:05,101,0,0,0,0,-1.159722222,0,0,,1,0,,0,0,0,0
2226,1,-1,27,36,05/05/2017 7:15,05/05/2017 10:35,102,0,0,0,0,1:05:00,0,0,,1,0,,0,0,0,0
2230,1,-1,36,27,05/05/2017 11:40,05/05/2017 14:45,102,0,0,0,0,2:55:00,0,0,,1,0,,0,0,0,0
2171,1,-1,27,46,05/05/2017 17:40,05/05/2017 19:40,102,0,0,0,0,1:25:00,0,0,,1,0,,0,0,0,0
1860,1,-1,46,27,05/05/2017 21:05,05/05/2017 23:00,102,0,0,0,0,18:45:00,0,0,,1,0,,0,0,0,0
1863,1,-1,27,36,06/05/2017 17:45,06/05/2017 21:05,102,0,0,0,0,1:00:00,0,0,,1,0,,0,0,0,0
1577,1,-1,36,52,06/05/2017 22:05,07/05/2017 0:10,102,0,0,0,0,7:35:00,0,0,,1,0,,0,0,0,0
1693,1,-1,52,68,07/05/2017 7:45,07/05/2017 10:10,102,0,0,0,0,-2.086805556,0,0,,1,0,,0,0,0,0
13,1,-1,48,49,05/05/2017 8:05,05/05/2017 10:45,103,0,0,0,0,2:05:00,0,0,,1,0,,0,0,0,0
2185,1,2157,49,73,05/05/2017 12:50,05/05/2017 15:10,103,0,0,0,0,1:00:00,0,0,,1,0,,0,0,0,0
2157,1,2185,73,46,05/05/2017 16:10,05/05/2017 17:20,103,0,0,0,0,1:15:00,0,0,,1,0,,0,0,0,0
2169,1,2160,46,73,05/05/2017 18:35,05/05/2017 19:45,103,0,0,0,0,0:45:00,0,0,,1,0,,0,0,0,0
2160,1,2169,73,49,05/05/2017 20:30,05/05/2017 22:35,103,0,0,0,0,10:00:00,0,0,,1,0,,0,0,0,0
871,1,-1,49,46,06/05/2017 8:35,06/05/2017 11:25,103,0,0,0,0,-1.118055556,0,0,,1,0,,0,0,0,0
210,0,169,37,49,05/05/2017 8:35,05/05/2017 10:40,104,0,0,0,0,1:05:00,0,0,,1.5,0,,0,0,0,0
169,0,210,49,22,05/05/2017 11:45,05/05/2017 16:10,104,0,0,0,0,1:05:00,0,0,,1.5,0,,0,0,0,0
1324,0,-1,22,50,05/05/2017 17:15,05/05/2017 21:50,104,0,0,0,0,11:10:00,0,0,,1.5,0,,0,0,0,0
1350,0,-1,50,7,06/05/2017 9:00,06/05/2017 10:25,104,0,0,0,0,1:00:00,0,0,,1.5,0,,0,0,0,0
1432,0,-1,7,50,06/05/2017 11:25,06/05/2017 13:10,104,0,0,0,0,1:00:00,0,0,,1.5,0,,0,0,0,0
1466,0,-1,50,19,06/05/2017 14:10,06/05/2017 17:35,104,0,0,0,0,-1.354166667,0,0,,1.5,0,,0,0,0,0
2324,1,2331,50,32,05/05/2017 9:05,05/05/2017 10:30,105,0,0,0,0,1:00:00,0,0,,1,0,,0,0,0,0
2331,1,2324,32,75,05/05/2017 11:30,05/05/2017 16:05,105,0,0,0,0,1:10:00,0,0,,1,0,,0,0,0,0
2337,1,2322,75,32,05/05/2017 17:15,05/05/2017 21:25,105,0,0,0,0,1:00:00,0,0,,1,0,,0,0,0,0
2322,1,2337,32,50,05/05/2017 22:25,05/05/2017 23:50,105,0,0,0,0,10:10:00,0,0,,1,0,,0,0,0,0
1311,0,-1,50,22,06/05/2017 10:00,06/05/2017 14:45,105,0,0,0,0,-1.34375,0,0,,1.5,0,,0,0,0,0
2342,0,-1,11,49,05/05/2017 6:30,05/05/2017 8:55,106,0,0,0,0,2:10:00,0,0,,1.5,0,,0,0,0,0
135,1,-1,49,67,05/05/2017 11:05,05/05/2017 13:45,106,0,0,0,0,1:15:00,0,0,,1,0,,0,0,0,0
112,1,-1,67,49,05/05/2017 15:00,05/05/2017 17:20,106,0,0,0,0,1:10:00,0,0,,1,0,,0,0,0,0
312,0,-1,49,14,05/05/2017 18:30,05/05/2017 19:45,106,0,0,0,0,1:00:00,0,0,,1.5,0,,0,0,0,0
275,0,-1,14,49,05/05/2017 20:45,05/05/2017 22:05,106,0,0,0,0,11:35:00,0,0,,1.5,0,,0,0,0,0
677,1,691,49,32,06/05/2017 9:40,06/05/2017 11:30,106,0,0,0,0,1:20:00,0,0,,1,0,,0,0,0,0
691,1,677,32,30,06/05/2017 12:50,06/05/2017 14:50,106,0,0,0,0,-1.291666667,0,0,,1,0,,0,0,0,0
281,1,-1,49,79,05/05/2017 7:50,05/05/2017 11:10,107,0,0,0,0,0:45:00,0,0,,1,0,,0,0,0,0
373,1,-1,79,49,05/05/2017 11:55,05/05/2017 15:35,107,0,0,0,0,1:15:00,0,0,,1,0,,0,0,0,0
1404,0,-1,49,6,05/05/2017 16:50,05/05/2017 18:45,107,0,0,0,0,1:00:00,0,0,,1.5,0,,0,0,0,0
1421,0,-1,6,49,05/05/2017 19:45,05/05/2017 21:25,107,0,0,0,0,11:20:00,0,0,,1.5,0,,0,0,0,0
1410,0,-1,49,7,06/05/2017 8:45,06/05/2017 10:25,107,0,0,0,0,1:00:00,0,0,,1.5,0,,0,0,0,0
1422,0,-1,7,49,06/05/2017 11:25,06/05/2017 12:50,107,0,0,0,0,1:05:00,0,0,,1.5,0,,0,0,0,0
1196,0,-1,49,9,06/05/2017 13:55,06/05/2017 17:20,107,0,0,0,0,-1.701388889,0,0,,1.5,0,,0,0,0,0
1417,0,-1,18,49,05/05/2017 0:30,05/05/2017 6:10,108,0,0,0,0,5:50:00,0,0,,1.5,0,,0,0,0,0
1204,1,-1,49,48,05/05/2017 12:00,05/05/2017 14:40,108,0,0,0,0,1:00:00,0,0,,1,0,,0,0,0,0
1217,1,-1,48,49,05/05/2017 15:40,05/05/2017 18:25,108,0,0,0,0,1:30:00,0,0,,1,0,,0,0,0,0
329,0,-1,49,17,05/05/2017 19:55,05/05/2017 23:00,108,0,0,0,0,10:00:00,0,0,,1.5,0,,0,0,0,0
290,0,-1,17,49,06/05/2017 9:00,06/05/2017 11:55,108,0,0,0,0,1:15:00,0,0,,1.5,0,,0,0,0,0
476,1,453,49,52,06/05/2017 13:10,06/05/2017 14:40,108,0,0,0,0,1:00:00,0,0,,1,0,,0,0,0,0
453,1,476,52,79,06/05/2017 15:40,06/05/2017 18:20,108,0,0,0,0,-1.347222222,0,0,,1,0,,0,0,0,0
325,0,-1,49,14,05/05/2017 10:00,05/05/2017 11:20,109,0,0,0,0,1:00:00,0,0,,1.5,0,,0,0,0,0
285,0,-1,14,49,05/05/2017 12:20,05/05/2017 13:40,109,0,0,0,0,1:20:00,0,0,,1.5,0,,0,0,0,0
241,1,-1,49,57,05/05/2017 15:00,05/05/2017 16:45,109,0,0,0,0,1:00:00,0,0,,1,0,,0,0,0,0
1282,1,-1,57,49,05/05/2017 17:45,05/05/2017 19:35,109,0,0,0,0,1:25:00,0,0,,1,0,,0,0,0,0
2338,0,-1,49,11,05/05/2017 21:00,05/05/2017 23:30,109,0,0,0,0,7:00:00,0,0,,1.5,0,,0,0,0,0
2343,0,-1,11,49,06/05/2017 6:30,06/05/2017 8:55,109,0,0,0,0,2:15:00,0,0,,1.5,0,,0,0,0,0
1163,1,-1,49,34,06/05/2017 11:10,06/05/2017 13:15,109,0,0,0,0,-1.21875,0,0,,1,0,,0,0,0,0
1349,0,1495,21,50,05/05/2017 8:00,05/05/2017 12:40,110,0,0,0,0,1:25:00,0,0,,1.5,0,,0,0,0,0
1495,0,1349,50,60,05/05/2017 14:05,05/05/2017 16:10,110,0,0,0,0,1:00:00,0,0,,1.5,0,,0,0,0,0
1790,1,1794,60,52,05/05/2017 17:10,05/05/2017 18:55,110,0,0,0,0,1:15:00,0,0,,1,0,,0,0,0,0
1794,1,1790,52,61,05/05/2017 20:10,05/05/2017 21:30,110,0,0,0,0,13:00:00,0,0,,1,0,,0,0,0,0
1801,1,1805,61,52,06/05/2017 10:30,06/05/2017 11:55,110,0,0,0,0,1:15:00,0,0,,1,0,,0,0,0,0
1805,1,1801,52,60,06/05/2017 13:10,06/05/2017 15:05,110,0,0,0,0,-1.305555556,0,0,,1,0,,0,0,0,0
1779,1,1761,61,32,05/05/2017 7:45,05/05/2017 9:20,111,0,0,0,0,0:55:00,0,0,,1,0,,0,0,0,0
1761,1,1779,32,67,05/05/2017 10:15,05/05/2017 11:40,111,0,0,0,0,1:25:00,0,0,,1,0,,0,0,0,0
1777,1,1778,67,32,05/05/2017 13:05,05/05/2017 14:35,111,0,0,0,0,0:55:00,0,0,,1,0,,0,0,0,0
1778,1,1777,32,61,05/05/2017 15:30,05/05/2017 16:55,111,0,0,0,0,2:25:00,0,0,,1,0,,0,0,0,0
2075,1,2076,61,38,05/05/2017 19:20,05/05/2017 21:05,111,0,0,0,0,1:00:00,0,0,,1,0,,0,0,0,0
2076,1,2075,38,27,05/05/2017 22:05,06/05/2017 0:05,111,0,0,0,0,-0.597222222,0,0,,1,0,,0,0,0,0
1316,0,1363,78,52,05/05/2017 9:45,05/05/2017 11:55,112,0,0,0,0,1:00:00,0,0,,1.5,0,,0,0,0,0
1363,0,1316,52,15,05/05/2017 12:55,05/05/2017 15:10,112,0,0,0,0,1:10:00,0,0,,1.5,0,,0,0,0,0
1341,0,1306,15,49,05/05/2017 16:20,05/05/2017 17:40,112,0,0,0,0,1:40:00,0,0,,1.5,0,,0,0,0,0
1306,0,1341,49,27,05/05/2017 19:20,05/05/2017 22:15,112,0,0,0,0,9:00:00,0,0,,1.5,0,,0,0,0,0
2227,1,-1,27,36,06/05/2017 7:15,06/05/2017 10:35,112,0,0,0,0,1:05:00,0,0,,1,0,,0,0,0,0
2233,1,-1,36,27,06/05/2017 11:40,06/05/2017 14:45,112,0,0,0,0,-1.315972222,0,0,,1,0,,0,0,0,0
2083,1,2087,61,38,05/05/2017 7:10,05/05/2017 8:45,113,0,0,0,0,1:00:00,0,0,,1,0,,0,0,0,0
2087,1,2083,38,30,05/05/2017 9:45,05/05/2017 11:20,113,0,0,0,0,0:55:00,0,0,,1,0,,0,0,0,0
2091,1,2095,30,38,05/05/2017 12:15,05/05/2017 13:45,113,0,0,0,0,1:00:00,0,0,,1,0,,0,0,0,0
2095,1,2091,38,61,05/05/2017 14:45,05/05/2017 16:15,113,0,0,0,0,1:05:00,0,0,,1,0,,0,0,0,0
1644,1,-1,61,72,05/05/2017 17:20,05/05/2017 20:10,113,0,0,0,0,1:00:00,0,0,,1,0,,0,0,0,0
1648,1,-1,72,61,05/05/2017 21:10,05/05/2017 23:55,113,0,0,0,0,8:15:00,0,0,,1,0,,0,0,0,0
2277,1,2273,61,57,06/05/2017 8:10,06/05/2017 9:45,113,0,0,0,0,1:00:00,0,0,,1,0,,0,0,0,0
2273,1,2277,57,46,06/05/2017 10:45,06/05/2017 12:40,113,0,0,0,0,-1.1875,0,0,,1,0,,0,0,0,0
2362,1,-1,37,50,05/05/2017 8:10,05/05/2017 10:10,114,0,0,0,0,1:30:00,0,0,,1,0,,0,0,0,0
1535,1,1542,50,54,05/05/2017 11:40,05/05/2017 13:55,114,0,0,0,0,1:05:00,0,0,,1,0,,0,0,0,0
1542,1,1535,54,77,05/05/2017 15:00,05/05/2017 17:15,114,0,0,0,0,0:45:00,0,0,,1,0,,0,0,0,0
1533,1,1538,77,54,05/05/2017 18:00,05/05/2017 20:25,114,0,0,0,0,0:55:00,0,0,,1,0,,0,0,0,0
1538,1,1533,54,50,05/05/2017 21:20,05/05/2017 23:25,114,0,0,0,0,8:50:00,0,0,,1,0,,0,0,0,0
1130,1,1142,50,35,06/05/2017 8:15,06/05/2017 9:45,114,0,0,0,0,0:45:00,0,0,,1,0,,0,0,0,0
1142,1,1130,35,34,06/05/2017 10:30,06/05/2017 11:50,114,0,0,0,0,-1.076388889,0,0,,1,0,,0,0,0,0
1310,0,-1,50,22,05/05/2017 10:00,05/05/2017 14:45,115,0,0,0,0,0:55:00,0,0,,1.5,0,,0,0,0,0
195,0,206,22,49,05/05/2017 15:40,05/05/2017 20:10,115,0,0,0,0,1:00:00,0,0,,1.5,0,,0,0,0,0
206,0,195,49,37,05/05/2017 21:10,05/05/2017 23:20,115,0,0,0,0,8:50:00,0,0,,1.5,0,,0,0,0,0
2363,1,-1,37,50,06/05/2017 8:10,06/05/2017 10:10,115,0,0,0,0,0:45:00,0,0,,1,0,,0,0,0,0
2359,1,-1,50,37,06/05/2017 10:55,06/05/2017 13:00,115,0,0,0,0,-1.104166667,0,0,,1,0,,0,0,0,0
1800,1,1804,61,52,05/05/2017 10:30,05/05/2017 11:55,116,0,0,0,0,1:15:00,0,0,,1,0,,0,0,0,0
1804,1,1800,52,60,05/05/2017 13:10,05/05/2017 15:05,116,0,0,0,0,1:00:00,0,0,,1,0,,0,0,0,0
1499,0,1354,60,50,05/05/2017 16:05,05/05/2017 18:10,116,0,0,0,0,1:05:00,0,0,,1.5,0,,0,0,0,0
1354,0,1499,50,21,05/05/2017 19:15,05/05/2017 23:30,116,0,0,0,0,8:30:00,0,0,,1.5,0,,0,0,0,0
1376,0,1496,21,50,06/05/2017 8:00,06/05/2017 12:40,116,0,0,0,0,1:25:00,0,0,,1.5,0,,0,0,0,0
1496,0,1376,50,60,06/05/2017 14:05,06/05/2017 16:10,116,0,0,0,0,-1.326388889,0,0,,1.5,0,,0,0,0,0
1887,1,-1,67,36,05/05/2017 8:20,05/05/2017 10:30,117,0,0,0,0,1:05:00,0,0,,1,0,,0,0,0,0
1167,1,-1,36,62,05/05/2017 11:35,05/05/2017 13:55,117,0,0,0,0,1:10:00,0,0,,1,0,,0,0,0,0
224,1,-1,62,50,05/05/2017 15:05,05/05/2017 16:30,117,0,0,0,0,0:55:00,0,0,,1,0,,0,0,0,0
908,1,-1,50,46,05/05/2017 17:25,05/05/2017 20:10,117,0,0,0,0,1:05:00,0,0,,1,0,,0,0,0,0
887,1,-1,46,50,05/05/2017 21:15,06/05/2017 0:05,117,0,0,0,0,8:00:00,0,0,,1,0,,0,0,0,0
392,1,339,50,54,06/05/2017 8:05,06/05/2017 10:20,117,0,0,0,0,0:45:00,0,0,,1,0,,0,0,0,0
339,1,392,54,78,06/05/2017 11:05,06/05/2017 12:10,117,0,0,0,0,-1.052083333,0,0,,1,0,,0,0,0,0
2360,1,-1,50,37,05/05/2017 10:55,05/05/2017 13:00,118,0,0,0,0,1:10:00,0,0,,1,0,,0,0,0,0
1332,0,1336,37,49,05/05/2017 14:10,05/05/2017 16:15,118,0,0,0,0,1:25:00,0,0,,1.5,0,,0,0,0,0
1336,0,1332,49,20,05/05/2017 17:40,05/05/2017 23:00,118,0,0,0,0,-0.631944444,0,0,,1.5,0,,0,0,0,0
2195,1,-1,32,67,05/05/2017 7:50,05/05/2017 9:20,119,0,0,0,0,2:55:00,0,0,,1,0,,0,0,0,0
1926,1,1922,67,26,05/05/2017 12:15,05/05/2017 14:45,119,0,0,0,0,0:50:00,0,0,,1,0,,0,0,0,0
1922,1,1926,26,77,05/05/2017 15:35,05/05/2017 17:40,119,0,0,0,0,1:00:00,0,0,,1,0,,0,0,0,0
1529,1,1517,77,60,05/05/2017 18:40,05/05/2017 20:40,119,0,0,0,0,0:50:00,0,0,,1,0,,0,0,0,0
1517,1,1529,60,52,05/05/2017 21:30,05/05/2017 23:25,119,0,0,0,0,7:50:00,0,0,,1,0,,0,0,0,0
2144,1,2124,52,38,06/05/2017 7:15,06/05/2017 8:50,119,0,0,0,0,1:00:00,0,0,,1,0,,0,0,0,0
2124,1,2144,38,43,06/05/2017 9:50,06/05/2017 11:55,119,0,0,0,0,-1.15625,0,0,,1,0,,0,0,0,0
1621,1,-1,52,72,05/05/2017 8:10,05/05/2017 11:05,120,0,0,0,0,1:05:00,0,0,,1,0,,0,0,0,0
1631,1,-1,72,52,05/05/2017 12:10,05/05/2017 15:05,120,0,0,0,0,2:50:00,0,0,,1,0,,0,0,0,0
2128,1,-1,52,30,05/05/2017 17:55,05/05/2017 20:15,120,0,0,0,0,0:55:00,0,0,,1,0,,0,0,0,0
2130,1,-1,30,52,05/05/2017 21:10,05/05/2017 23:15,120,0,0,0,0,8:20:00,0,0,,1,0,,0,0,0,0
2182,1,2174,52,27,06/05/2017 7:35,06/05/2017 9:40,120,0,0,0,0,1:00:00,0,0,,1,0,,0,0,0,0
2174,1,2182,27,75,06/05/2017 10:40,06/05/2017 14:55,120,0,0,0,0,-1.340277778,0,0,,1,0,,0,0,0,0
2119,1,-1,25,32,05/05/2017 6:45,05/05/2017 9:25,121,0,0,0,0,2:40:00,0,0,,1,0,,0,0,0,0
2056,1,2060,32,54,05/05/2017 12:05,05/05/2017 14:00,121,0,0,0,0,0:45:00,0,0,,1,0,,0,0,0,0
2060,1,2056,54,76,05/05/2017 14:45,05/05/2017 16:40,121,0,0,0,0,0:45:00,0,0,,1,0,,0,0,0,0
1992,1,2000,76,52,05/05/2017 17:25,05/05/2017 20:30,121,0,0,0,0,1:05:00,0,0,,1,0,,0,0,0,0
2000,1,1992,52,36,05/05/2017 21:35,05/05/2017 23:50,121,0,0,0,0,6:45:00,0,0,,1,0,,0,0,0,0
2009,1,1997,36,52,06/05/2017 6:35,06/05/2017 8:35,121,0,0,0,0,1:00:00,0,0,,1,0,,0,0,0,0
1997,1,2009,52,76,06/05/2017 9:35,06/05/2017 12:25,121,0,0,0,0,-1.128472222,0,0,,1,0,,0,0,0,0
1918,1,1920,32,52,05/05/2017 9:20,05/05/2017 10:50,122,0,0,0,0,1:00:00,0,0,,1,0,,0,0,0,0
1920,1,1918,52,79,05/05/2017 11:50,05/05/2017 14:40,122,0,0,0,0,0:45:00,0,0,,1,0,,0,0,0,0
463,1,479,79,49,05/05/2017 15:25,05/05/2017 19:05,122,0,0,0,0,1:05:00,0,0,,1,0,,0,0,0,0
479,1,463,49,36,05/05/2017 20:10,05/05/2017 21:20,122,0,0,0,0,1:05:00,0,0,,1,0,,0,0,0,0
1122,1,-1,36,50,05/05/2017 22:25,06/05/2017 0:05,122,0,0,0,0,-0.666666667,0,0,,1,0,,0,0,0,0
318,1,277,50,60,05/05/2017 8:05,05/05/2017 10:10,123,0,0,0,0,0:50:00,0,0,,1,0,,0,0,0,0
277,1,318,60,79,05/05/2017 11:00,05/05/2017 12:30,123,0,0,0,0,1:05:00,0,0,,1,0,,0,0,0,0
1941,1,1914,79,52,05/05/2017 13:35,05/05/2017 16:15,123,0,0,0,0,1:15:00,0,0,,1,0,,0,0,0,0
1914,1,1941,52,32,05/05/2017 17:30,05/05/2017 19:25,123,0,0,0,0,13:30:00,0,0,,1,0,,0,0,0,0
1982,1,1957,32,27,06/05/2017 8:55,06/05/2017 11:10,123,0,0,0,0,1:35:00,0,0,,1,0,,0,0,0,0
1957,1,1982,27,77,06/05/2017 12:45,06/05/2017 15:00,123,0,0,0,0,-1.215277778,0,0,,1,0,,0,0,0,0
813,1,768,49,52,05/05/2017 9:50,05/05/2017 11:25,124,0,0,0,0,1:00:00,0,0,,1,0,,0,0,0,0
768,1,813,52,26,05/05/2017 12:25,05/05/2017 15:05,124,0,0,0,0,0:50:00,0,0,,1,0,,0,0,0,0
784,1,795,26,52,05/05/2017 15:55,05/05/2017 18:20,124,0,0,0,0,1:10:00,0,0,,1,0,,0,0,0,0
795,1,784,52,49,05/05/2017 19:30,05/05/2017 21:05,124,0,0,0,0,11:05:00,0,0,,1,0,,0,0,0,0
765,1,781,49,37,06/05/2017 8:10,06/05/2017 10:20,124,0,0,0,0,1:00:00,0,0,,1,0,,0,0,0,0
781,1,765,37,44,06/05/2017 11:20,06/05/2017 13:10,124,0,0,0,0,-1.274305556,0,0,,1,0,,0,0,0,0
2008,1,1996,36,52,05/05/2017 6:35,05/05/2017 8:35,125,0,0,0,0,1:00:00,0,0,,1,0,,0,0,0,0
1996,1,2008,52,76,05/05/2017 9:35,05/05/2017 12:25,125,0,0,0,0,1:20:00,0,0,,1,0,,0,0,0,0
2048,1,2052,76,54,05/05/2017 13:45,05/05/2017 15:45,125,0,0,0,0,1:00:00,0,0,,1,0,,0,0,0,0
2052,1,2048,54,32,05/05/2017 16:45,05/05/2017 19:05,125,0,0,0,0,2:55:00,0,0,,1,0,,0,0,0,0
2139,1,-1,32,25,05/05/2017 22:00,06/05/2017 0:25,125,0,0,0,0,6:20:00,0,0,,1,0,,0,0,0,0
2120,1,-1,25,32,06/05/2017 6:45,06/05/2017 9:25,125,0,0,0,0,2:40:00,0,0,,1,0,,0,0,0,0
2057,1,2061,32,54,06/05/2017 12:05,06/05/2017 14:00,125,0,0,0,0,0:45:00,0,0,,1,0,,0,0,0,0
2061,1,2057,54,76,06/05/2017 14:45,06/05/2017 16:40,125,0,0,0,0,0:45:00,0,0,,1,0,,0,0,0,0
1993,1,2001,76,52,06/05/2017 17:25,06/05/2017 20:30,125,0,0,0,0,1:05:00,0,0,,1,0,,0,0,0,0
2001,1,1993,52,36,06/05/2017 21:35,06/05/2017 23:50,125,0,0,0,0,6:45:00,0,0,,1,0,,0,0,0,0
2010,1,1998,36,52,07/05/2017 6:35,07/05/2017 8:35,125,0,0,0,0,1:00:00,0,0,,1,0,,0,0,0,0
1998,1,2010,52,76,07/05/2017 9:35,07/05/2017 12:25,125,0,0,0,0,-2.177083333,0,0,,1,0,,0,0,0,0
764,1,780,49,37,05/05/2017 8:10,05/05/2017 10:20,126,0,0,0,0,1:00:00,0,0,,1,0,,0,0,0,0
780,1,764,37,44,05/05/2017 11:20,05/05/2017 13:10,126,0,0,0,0,0:50:00,0,0,,1,0,,0,0,0,0
839,1,841,44,37,05/05/2017 14:00,05/05/2017 15:40,126,0,0,0,0,1:10:00,0,0,,1,0,,0,0,0,0
841,1,839,37,49,05/05/2017 16:50,05/05/2017 19:05,126,0,0,0,0,2:55:00,0,0,,1,0,,0,0,0,0
177,1,-1,49,32,05/05/2017 22:00,05/05/2017 23:45,126,0,0,0,0,9:35:00,0,0,,1,0,,0,0,0,0
1930,1,1932,32,52,06/05/2017 9:20,06/05/2017 10:50,126,0,0,0,0,1:00:00,0,0,,1,0,,0,0,0,0
1932,1,1930,52,79,06/05/2017 11:50,06/05/2017 14:40,126,0,0,0,0,-1.267361111,0,0,,1,0,,0,0,0,0
1753,1,-1,67,27,05/05/2017 8:15,05/05/2017 10:40,127,0,0,0,0,1:05:00,0,0,,1,0,,0,0,0,0
1093,1,1055,27,50,05/05/2017 11:45,05/05/2017 14:15,127,0,0,0,0,0:50:00,0,0,,1,0,,0,0,0,0
1055,1,1093,50,34,05/05/2017 15:05,05/05/2017 17:30,127,0,0,0,0,0:50:00,0,0,,1,0,,0,0,0,0
1067,1,1082,34,50,05/05/2017 18:20,05/05/2017 20:25,127,0,0,0,0,0:45:00,0,0,,1,0,,0,0,0,0
1082,1,1067,50,27,05/05/2017 21:10,05/05/2017 23:45,127,0,0,0,0,10:45:00,0,0,,1,0,,0,0,0,0
2207,1,2202,27,52,06/05/2017 10:30,06/05/2017 12:30,127,0,0,0,0,1:00:00,0,0,,1,0,,0,0,0,0
2202,1,2207,52,42,06/05/2017 13:30,06/05/2017 16:35,127,0,0,0,0,-1.354166667,0,0,,1,0,,0,0,0,0
1222,1,1231,67,33,05/05/2017 8:05,05/05/2017 9:30,128,0,0,0,0,0:45:00,0,0,,1,0,,0,0,0,0
1231,1,1222,33,49,05/05/2017 10:15,05/05/2017 11:55,128,0,0,0,0,1:20:00,0,0,,1,0,,0,0,0,0
1866,1,1869,49,38,05/05/2017 13:15,05/05/2017 14:55,128,0,0,0,0,1:00:00,0,0,,1,0,,0,0,0,0
1869,1,1866,38,44,05/05/2017 15:55,05/05/2017 18:00,128,0,0,0,0,1:00:00,0,0,,1,0,,0,0,0,0
2313,1,2319,44,38,05/05/2017 19:00,05/05/2017 21:00,128,0,0,0,0,1:10:00,0,0,,1,0,,0,0,0,0
2319,1,2313,38,49,05/05/2017 22:10,05/05/2017 23:40,128,0,0,0,0,7:45:00,0,0,,1,0,,0,0,0,0
437,1,492,49,56,06/05/2017 7:25,06/05/2017 8:50,128,0,0,0,0,0:45:00,0,0,,1,0,,0,0,0,0
492,1,437,56,76,06/05/2017 9:35,06/05/2017 12:15,128,0,0,0,0,1:30:00,0,0,,1,0,,0,0,0,0
2049,1,2053,76,54,06/05/2017 13:45,06/05/2017 15:45,128,0,0,0,0,1:00:00,0,0,,1,0,,0,0,0,0
2053,1,2049,54,32,06/05/2017 16:45,06/05/2017 19:05,128,0,0,0,0,-1.479166667,0,0,,1,0,,0,0,0,0
1582,1,-1,52,34,05/05/2017 7:35,05/05/2017 10:10,129,0,0,0,0,0:45:00,0,0,,1,0,,0,0,0,0
1589,1,-1,34,52,05/05/2017 10:55,05/05/2017 13:15,129,0,0,0,0,1:00:00,0,0,,1,0,,0,0,0,0
1661,1,1653,52,32,05/05/2017 14:15,05/05/2017 15:55,129,0,0,0,0,0:55:00,0,0,,1,0,,0,0,0,0
1653,1,1661,32,72,05/05/2017 16:50,05/05/2017 18:40,129,0,0,0,0,1:00:00,0,0,,1,0,,0,0,0,0
1665,1,1672,72,32,05/05/2017 19:40,05/05/2017 21:30,129,0,0,0,0,0:50:00,0,0,,1,0,,0,0,0,0
1672,1,1665,32,52,05/05/2017 22:20,05/05/2017 23:55,129,0,0,0,0,8:15:00,0,0,,1,0,,0,0,0,0
1616,1,-1,52,72,06/05/2017 8:10,06/05/2017 11:05,129,0,0,0,0,1:05:00,0,0,,1,0,,0,0,0,0
1626,1,-1,72,52,06/05/2017 12:10,06/05/2017 15:05,129,0,0,0,0,-1.354166667,0,0,,1,0,,0,0,0,0
132,1,-1,72,49,05/05/2017 6:35,05/05/2017 9:20,130,0,0,0,0,1:50:00,0,0,,1,0,,0,0,0,0
1162,1,-1,49,34,05/05/2017 11:10,05/05/2017 13:15,130,0,0,0,0,0:45:00,0,0,,1,0,,0,0,0,0
1178,1,-1,34,49,05/05/2017 14:00,05/05/2017 16:00,130,0,0,0,0,2:50:00,0,0,,1,0,,0,0,0,0
1852,1,-1,49,33,05/05/2017 18:50,05/05/2017 20:30,130,0,0,0,0,0:50:00,0,0,,1,0,,0,0,0,0
1856,1,-1,33,49,05/05/2017 21:20,05/05/2017 22:55,130,0,0,0,0,10:55:00,0,0,,1,0,,0,0,0,0
814,1,769,49,52,06/05/2017 9:50,06/05/2017 11:25,130,0,0,0,0,1:00:00,0,0,,1,0,,0,0,0,0
769,1,814,52,26,06/05/2017 12:25,06/05/2017 15:05,130,0,0,0,0,-1.256944444,0,0,,1,0,,0,0,0,0
1981,1,1956,32,27,05/05/2017 8:55,05/05/2017 11:10,131,0,0,0,0,1:35:00,0,0,,1,0,,0,0,0,0
1956,1,1981,27,77,05/05/2017 12:45,05/05/2017 15:00,131,0,0,0,0,1:30:00,0,0,,1,0,,0,0,0,0
2004,1,1988,77,27,05/05/2017 16:30,05/05/2017 18:35,131,0,0,0,0,1:30:00,0,0,,1,0,,0,0,0,0
1988,1,2004,27,32,05/05/2017 20:05,05/05/2017 22:25,131,0,0,0,0,9:00:00,0,0,,1,0,,0,0,0,0
123,1,-1,32,49,06/05/2017 7:25,06/05/2017 8:55,131,0,0,0,0,3:55:00,0,0,,1,0,,0,0,0,0
2103,1,2108,49,57,06/05/2017 12:50,06/05/2017 14:35,131,0,0,0,0,1:00:00,0,0,,1,0,,0,0,0,0
2108,1,2103,57,28,06/05/2017 15:35,06/05/2017 17:30,131,0,0,0,0,-1.444444444,0,0,,1,0,,0,0,0,0
1241,1,1252,49,33,05/05/2017 6:50,05/05/2017 8:40,132,0,0,0,0,0:45:00,0,0,,1,0,,0,0,0,0
1252,1,1241,33,67,05/05/2017 9:25,05/05/2017 10:45,132,0,0,0,0,1:00:00,0,0,,1,0,,0,0,0,0
92,1,-1,67,49,05/05/2017 11:45,05/05/2017 14:15,132,0,0,0,0,2:35:00,0,0,,1,0,,0,0,0,0
483,1,440,49,57,05/05/2017 16:50,05/05/2017 18:40,132,0,0,0,0,1:00:00,0,0,,1,0,,0,0,0,0
440,1,483,57,77,05/05/2017 19:40,05/05/2017 22:25,132,0,0,0,0,-0.586805556,0,0,,1,0,,0,0,0,0
1274,1,-1,49,68,05/05/2017 8:20,05/05/2017 10:30,133,0,0,0,0,0:45:00,0,0,,1,0,,0,0,0,0
8,1,-1,68,49,05/05/2017 11:15,05/05/2017 13:25,133,0,0,0,0,3:10:00,0,0,,1,0,,0,0,0,0
1039,1,-1,49,42,05/05/2017 16:35,05/05/2017 18:45,133,0,0,0,0,1:40:00,0,0,,1,0,,0,0,0,0
1894,1,-1,42,25,05/05/2017 20:25,06/05/2017 0:10,133,0,0,0,0,6:45:00,0,0,,1,0,,0,0,0,0
1883,1,-1,25,42,06/05/2017 6:55,06/05/2017 11:20,133,0,0,0,0,-1.184027778,0,0,,1,0,,0,0,0,0
885,1,896,49,54,05/05/2017 6:55,05/05/2017 9:20,134,0,0,0,0,0:55:00,0,0,,1,0,,0,0,0,0
896,1,885,54,75,05/05/2017 10:15,05/05/2017 14:50,134,0,0,0,0,1:05:00,0,0,,1,0,,0,0,0,0
912,1,878,75,54,05/05/2017 15:55,05/05/2017 20:05,134,0,0,0,0,0:45:00,0,0,,1,0,,0,0,0,0
878,1,912,54,49,05/05/2017 20:50,05/05/2017 23:05,134,0,0,0,0,8:30:00,0,0,,1,0,,0,0,0,0
1193,1,-1,49,72,06/05/2017 7:35,06/05/2017 10:25,134,0,0,0,0,-1.083333333,0,0,,1,0,,0,0,0,0
837,0,-1,20,50,05/05/2017 8:25,05/05/2017 13:40,135,0,0,0,0,1:10:00,0,0,,1.5,0,,0,0,0,0
1372,0,-1,50,16,05/05/2017 14:50,05/05/2017 18:25,135,0,0,0,0,1:10:00,0,0,,1.5,0,,0,0,0,0
1388,0,-1,16,50,05/05/2017 19:35,05/05/2017 23:15,135,0,0,0,0,8:40:00,0,0,,1.5,0,,0,0,0,0
868,1,820,50,46,06/05/2017 7:55,06/05/2017 10:40,135,0,0,0,0,1:05:00,0,0,,1,0,,0,0,0,0
820,1,868,46,43,06/05/2017 11:45,06/05/2017 12:55,135,0,0,0,0,-1.225694444,0,0,,1,0,,0,0,0,0
2115,1,2099,49,60,05/05/2017 7:30,05/05/2017 10:00,136,0,0,0,0,0:45:00,0,0,,1,0,,0,0,0,0
2099,1,2115,60,26,05/05/2017 10:45,05/05/2017 12:40,136,0,0,0,0,0:45:00,0,0,,1,0,,0,0,0,0
811,1,812,26,32,05/05/2017 13:25,05/05/2017 15:45,136,0,0,0,0,0:55:00,0,0,,1,0,,0,0,0,0
812,1,811,32,50,05/05/2017 16:40,05/05/2017 18:05,136,0,0,0,0,13:55:00,0,0,,1,0,,0,0,0,0
2027,1,2033,50,37,06/05/2017 8:00,06/05/2017 10:05,136,0,0,0,0,1:00:00,0,0,,1,0,,0,0,0,0
2033,1,2027,37,77,06/05/2017 11:05,06/05/2017 13:40,136,0,0,0,0,-1.243055556,0,0,,1,0,,0,0,0,0
1680,1,1684,27,46,05/05/2017 7:50,05/05/2017 9:50,137,0,0,0,0,1:15:00,0,0,,1,0,,0,0,0,0
1684,1,1680,46,67,05/05/2017 11:05,05/05/2017 12:35,137,0,0,0,0,1:05:00,0,0,,1,0,,0,0,0,0
1695,1,1700,67,46,05/05/2017 13:40,05/05/2017 15:15,137,0,0,0,0,1:00:00,0,0,,1,0,,0,0,0,0
1700,1,1695,46,27,05/05/2017 16:15,05/05/2017 18:05,137,0,0,0,0,1:00:00,0,0,,1,0,,0,0,0,0
1744,1,-1,27,67,05/05/2017 19:05,05/05/2017 21:45,137,0,0,0,0,10:30:00,0,0,,1,0,,0,0,0,0
1754,1,-1,67,27,06/05/2017 8:15,06/05/2017 10:40,137,0,0,0,0,-0.944444444,0,0,,1,0,,0,0,0,0
515,1,-1,50,25,05/05/2017 12:00,05/05/2017 15:00,138,0,0,0,0,1:20:00,0,0,,1,0,,0,0,0,0
529,1,-1,25,50,05/05/2017 16:20,05/05/2017 19:05,138,0,0,0,0,14:10:00,0,0,,1,0,,0,0,0,0
1452,0,-1,50,3,06/05/2017 9:15,06/05/2017 23:55,138,0,0,0,0,-1.680555556,0,0,,2,0,,0,0,0,0
2181,1,2173,52,27,05/05/2017 7:35,05/05/2017 9:40,139,0,0,0,0,1:00:00,0,0,,1,0,,0,0,0,0
2173,1,2181,27,75,05/05/2017 10:40,05/05/2017 14:55,139,0,0,0,0,1:10:00,0,0,,1,0,,0,0,0,0
2165,1,2177,75,27,05/05/2017 16:05,05/05/2017 19:45,139,0,0,0,0,1:25:00,0,0,,1,0,,0,0,0,0
2177,1,2165,27,52,05/05/2017 21:10,05/05/2017 23:10,139,0,0,0,0,-0.631944444,0,0,,1,0,,0,0,0,0
1521,1,1525,52,60,05/05/2017 8:00,05/05/2017 9:50,140,0,0,0,0,0:50:00,0,0,,1,0,,0,0,0,0
1525,1,1521,60,77,05/05/2017 10:40,05/05/2017 12:50,140,0,0,0,0,1:00:00,0,0,,1,0,,0,0,0,0
2036,1,2039,77,65,05/05/2017 13:50,05/05/2017 15:55,140,0,0,0,0,1:15:00,0,0,,1,0,,0,0,0,0
2039,1,2036,65,49,05/05/2017 17:10,05/05/2017 20:00,140,0,0,0,0,1:05:00,0,0,,1,0,,0,0,0,0
76,1,-1,49,67,05/05/2017 21:05,05/05/2017 23:35,140,0,0,0,0,8:30:00,0,0,,1,0,,0,0,0,0
1223,1,1232,67,33,06/05/2017 8:05,06/05/2017 9:30,140,0,0,0,0,0:45:00,0,0,,1,0,,0,0,0,0
1232,1,1223,33,49,06/05/2017 10:15,06/05/2017 12:00,140,0,0,0,0,1:00:00,0,0,,1,0,,0,0,0,0
2262,1,2264,49,32,06/05/2017 13:00,06/05/2017 14:40,140,0,0,0,0,0:55:00,0,0,,1,0,,0,0,0,0
2264,1,2262,32,46,06/05/2017 15:35,06/05/2017 17:20,140,0,0,0,0,-1.395833333,0,0,,1,0,,0,0,0,0
759,1,770,50,32,05/05/2017 7:50,05/05/2017 9:15,141,0,0,0,0,1:00:00,0,0,,1,0,,0,0,0,0
770,1,759,32,26,05/05/2017 10:15,05/05/2017 12:40,141,0,0,0,0,0:45:00,0,0,,1,0,,0,0,0,0
2104,1,2109,26,60,05/05/2017 13:25,05/05/2017 15:15,141,0,0,0,0,0:50:00,0,0,,1,0,,0,0,0,0
2109,1,2104,60,49,05/05/2017 16:05,05/05/2017 18:35,141,0,0,0,0,1:55:00,0,0,,1,0,,0,0,0,0
154,1,-1,49,72,05/05/2017 20:30,05/05/2017 23:30,141,0,0,0,0,7:05:00,0,0,,1,0,,0,0,0,0
130,1,-1,72,49,06/05/2017 6:35,06/05/2017 9:20,141,0,0,0,0,2:50:00,0,0,,1,0,,0,0,0,0
335,1,397,49,60,06/05/2017 12:10,06/05/2017 14:40,141,0,0,0,0,0:45:00,0,0,,1,0,,0,0,0,0
397,1,335,60,76,06/05/2017 15:25,06/05/2017 17:20,141,0,0,0,0,-1.388888889,0,0,,1,0,,0,0,0,0
2026,1,2032,50,37,05/05/2017 8:00,05/05/2017 10:05,142,0,0,0,0,1:00:00,0,0,,1,0,,0,0,0,0
2032,1,2026,37,77,05/05/2017 11:05,05/05/2017 13:40,142,0,0,0,0,0:45:00,0,0,,1,0,,0,0,0,0
2021,1,2022,77,37,05/05/2017 14:25,05/05/2017 17:35,142,0,0,0,0,1:00:00,0,0,,1,0,,0,0,0,0
2022,1,2021,37,50,05/05/2017 18:35,05/05/2017 20:30,142,0,0,0,0,11:20:00,0,0,,1,0,,0,0,0,0
779,1,787,50,32,06/05/2017 7:50,06/05/2017 9:15,142,0,0,0,0,1:00:00,0,0,,1,0,,0,0,0,0
787,1,779,32,26,06/05/2017 10:15,06/05/2017 12:40,142,0,0,0,0,-42861.52778,0,0,,1,0,,0,0,0,0