1912,1,1909,41,52,2017/5/7 16:25,2017/5/7 18:55,1,0,0,0,0,1:05:00,0,0,,1,0,,0,0,0,0
1909,1,1912,52,77,2017/5/7 20:00,2017/5/7 23:15,1,0,0,0,0,9:50:00,0,0,,1,0,,0,0,0,0
460,1,472,77,57,2017/5/8 9:05,2017/5/8 11:50,1,0,0,0,0,1:10:00,0,0,,1,0,,0,0,0,0
472,1,460,57,49,2017/5/8 13:00,2017/5/8 15:00,1,0,0,0,0,1:35:00,0,0,,1,0,,0,0,0,0
1042,1,-1,49,42,2017/5/8 16:35,2017/5/8 18:45,1,0,0,0,0,1:40:00,0,0,,1,0,,0,0,0,0
1897,1,-1,42,25,2017/5/8 20:25,2017/5/9 0:10,1,0,0,0,0,-1.17013888889051,0,0,,1,0,,0,0,0,0
752,1,-1,25,49,2017/5/7 20:05,2017/5/7 23:15,2,0,0,0,0,7:45:00,0,0,,1,0,,0,0,0,0
598,1,-1,49,25,2017/5/8 7:00,2017/5/8 9:50,2,0,0,0,0,1:05:00,0,0,,1,0,,0,0,0,0
565,1,-1,25,49,2017/5/8 10:55,2017/5/8 14:00,2,0,0,0,0,1:00:00,0,0,,1,0,,0,0,0,0
537,1,-1,49,25,2017/5/8 15:00,2017/5/8 17:50,2,0,0,0,0,1:05:00,0,0,,1,0,,0,0,0,0
739,1,-1,25,50,2017/5/8 18:55,2017/5/8 21:45,2,0,0,0,0,-1.01388888889051,0,0,,1,0,,0,0,0,0
599,1,-1,25,50,2017/5/7 21:25,2017/5/8 0:10,3,0,0,0,0,11:50:00,0,0,,1,0,,0,0,0,0
516,1,-1,50,25,2017/5/8 12:00,2017/5/8 15:00,3,0,0,0,0,1:20:00,0,0,,1,0,,0,0,0,0
530,1,-1,25,50,2017/5/8 16:20,2017/5/8 19:05,3,0,0,0,0,-1.03125,0,0,,1,0,,0,0,0,0
1069,1,1084,34,50,2017/5/7 18:20,2017/5/7 20:25,4,0,0,0,0,0:45:00,0,0,,1,0,,0,0,0,0
1084,1,1069,50,27,2017/5/7 21:10,2017/5/7 23:45,4,0,0,0,0,8:05:00,0,0,,1,0,,0,0,0,0
1715,1,1721,27,46,2017/5/8 7:50,2017/5/8 9:50,4,0,0,0,0,1:15:00,0,0,,1,0,,0,0,0,0
1721,1,1715,46,67,2017/5/8 11:05,2017/5/8 12:35,4,0,0,0,0,1:05:00,0,0,,1,0,,0,0,0,0
1707,1,1718,67,46,2017/5/8 13:40,2017/5/8 15:15,4,0,0,0,0,1:00:00,0,0,,1,0,,0,0,0,0
1718,1,1707,46,27,2017/5/8 16:15,2017/5/8 18:10,4,0,0,0,0,0:55:00,0,0,,1,0,,0,0,0,0
1747,1,-1,27,67,2017/5/8 19:05,2017/5/8 21:45,4,0,0,0,0,-1.10069444444525,0,0,,1,0,,0,0,0,0
1512,1,-1,50,33,2017/5/7 19:20,2017/5/7 21:10,5,0,0,0,0,0:45:00,0,0,,1,0,,0,0,0,0
1508,1,-1,33,50,2017/5/7 21:55,2017/5/7 23:45,5,0,0,0,0,8:15:00,0,0,,1,0,,0,0,0,0
2029,1,2035,50,37,2017/5/8 8:00,2017/5/8 10:05,5,0,0,0,0,1:00:00,0,0,,1,0,,0,0,0,0
2035,1,2029,37,77,2017/5/8 11:05,2017/5/8 13:40,5,0,0,0,0,0:45:00,0,0,,1,0,,0,0,0,0
2016,1,2019,77,37,2017/5/8 14:25,2017/5/8 17:35,5,0,0,0,0,1:00:00,0,0,,1,0,,0,0,0,0
2019,1,2016,37,50,2017/5/8 18:35,2017/5/8 20:30,5,0,0,0,0,-1.09722222221899,0,0,,1,0,,0,0,0,0
356,1,359,77,55,2017/5/7 18:10,2017/5/7 20:35,6,0,0,0,0,0:45:00,0,0,,1,0,,0,0,0,0
359,1,356,55,49,2017/5/7 21:20,2017/5/7 23:30,6,0,0,0,0,10:00:00,0,0,,1,0,,0,0,0,0
247,0,-1,49,16,2017/5/8 9:30,2017/5/8 12:45,6,0,0,0,0,1:35:00,0,0,,1.5,0,,0,0,0,0
239,0,-1,16,49,2017/5/8 14:20,2017/5/8 17:30,6,0,0,0,0,1:00:00,0,0,,1.5,0,,0,0,0,0
315,0,-1,49,14,2017/5/8 18:30,2017/5/8 19:45,6,0,0,0,0,1:00:00,0,0,,1.5,0,,0,0,0,0
323,0,-1,14,49,2017/5/8 20:45,2017/5/8 22:05,6,0,0,0,0,-1.05555555555475,0,0,,1.5,0,,0,0,0,0
333,0,-1,14,49,2017/5/7 20:45,2017/5/7 22:05,7,0,0,0,0,13:55:00,0,0,,1.5,0,,0,0,0,0
1046,1,-1,49,31,2017/5/8 12:00,2017/5/8 13:25,7,0,0,0,0,1:05:00,0,0,,1,0,,0,0,0,0
1074,1,-1,31,49,2017/5/8 14:30,2017/5/8 16:00,7,0,0,0,0,2:10:00,0,0,,1,0,,0,0,0,0
1403,0,-1,49,18,2017/5/8 18:10,2017/5/8 23:20,7,0,0,0,0,-1.11458333332848,0,0,,1.5,0,,0,0,0,0
581,1,-1,27,49,2017/5/7 20:35,2017/5/7 23:20,8,0,0,0,0,8:55:00,0,0,,1,0,,0,0,0,0
1559,1,1546,49,58,2017/5/8 8:15,2017/5/8 9:55,8,0,0,0,0,0:50:00,0,0,,1,0,,0,0,0,0
1546,1,1559,58,78,2017/5/8 10:45,2017/5/8 12:35,8,0,0,0,0,0:50:00,0,0,,1,0,,0,0,0,0
1394,0,1348,78,49,2017/5/8 13:25,2017/5/8 16:25,8,0,0,0,0,1:25:00,0,0,,1.5,0,,0,0,0,0
1348,0,1394,49,22,2017/5/8 17:50,2017/5/8 22:10,8,0,0,0,0,-1.59375,0,0,,1.5,0,,0,0,0,0
1979,1,1954,32,57,2017/5/7 7:55,2017/5/7 9:25,9,0,0,0,0,1:00:00,0,0,,1,0,,0,0,0,0
1954,1,1979,57,78,2017/5/7 10:25,2017/5/7 12:05,9,0,0,0,0,0:50:00,0,0,,1,0,,0,0,0,0
1964,1,1970,78,57,2017/5/7 12:55,2017/5/7 14:35,9,0,0,0,0,1:00:00,0,0,,1,0,,0,0,0,0
1970,1,1964,57,32,2017/5/7 15:35,2017/5/7 17:10,9,0,0,0,0,1:40:00,0,0,,1,0,,0,0,0,0
614,1,-1,32,25,2017/5/7 18:50,2017/5/7 21:05,9,0,0,0,0,1:05:00,0,0,,1,0,,0,0,0,0
622,1,-1,25,32,2017/5/7 22:10,2017/5/8 0:45,9,0,0,0,0,7:05:00,0,0,,1,0,,0,0,0,0
2197,1,-1,32,67,2017/5/8 7:50,2017/5/8 9:20,9,0,0,0,0,2:55:00,0,0,,1,0,,0,0,0,0
1929,1,1925,67,26,2017/5/8 12:15,2017/5/8 14:45,9,0,0,0,0,0:50:00,0,0,,1,0,,0,0,0,0
1925,1,1929,26,77,2017/5/8 15:35,2017/5/8 17:40,9,0,0,0,0,1:00:00,0,0,,1,0,,0,0,0,0
1532,1,1520,77,60,2017/5/8 18:40,2017/5/8 20:40,9,0,0,0,0,0:50:00,0,0,,1,0,,0,0,0,0
1520,1,1532,60,52,2017/5/8 21:30,2017/5/8 23:25,9,0,0,0,0,-1.21527777778101,0,0,,1,0,,0,0,0,0
1465,0,-1,13,49,2017/5/7 18:15,2017/5/7 21:15,10,0,0,0,0,9:35:00,0,0,,1.5,0,,0,0,0,0
1294,1,-1,49,66,2017/5/8 6:50,2017/5/8 8:25,10,0,0,0,0,0:55:00,0,0,,1,0,,0,0,0,0
1257,1,-1,66,49,2017/5/8 9:20,2017/5/8 10:50,10,0,0,0,0,2:10:00,0,0,,1,0,,0,0,0,0
549,1,508,49,57,2017/5/8 13:00,2017/5/8 14:40,10,0,0,0,0,1:00:00,0,0,,1,0,,0,0,0,0
508,1,549,57,29,2017/5/8 15:40,2017/5/8 17:20,10,0,0,0,0,1:10:00,0,0,,1,0,,0,0,0,0
511,1,584,29,57,2017/5/8 18:30,2017/5/8 20:10,10,0,0,0,0,1:00:00,0,0,,1,0,,0,0,0,0
584,1,511,57,49,2017/5/8 21:10,2017/5/8 22:55,10,0,0,0,0,-1.29513888889051,0,0,,1,0,,0,0,0,0
1476,0,1483,21,49,2017/5/7 15:50,2017/5/7 20:10,11,0,0,0,0,1:00:00,0,0,,1.5,0,,0,0,0,0
1483,0,1476,49,52,2017/5/7 21:10,2017/5/7 22:40,11,0,0,0,0,9:25:00,0,0,,1.5,0,,0,0,0,0
1480,0,853,52,49,2017/5/8 8:05,2017/5/8 9:35,11,0,0,0,0,1:00:00,0,0,,1.5,0,,0,0,0,0
853,0,1480,49,21,2017/5/8 10:35,2017/5/8 14:50,11,0,0,0,0,1:00:00,0,0,,1.5,0,,0,0,0,0
880,0,1484,21,49,2017/5/8 15:50,2017/5/8 20:10,11,0,0,0,0,1:00:00,0,0,,1.5,0,,0,0,0,0
1484,0,880,49,52,2017/5/8 21:10,2017/5/8 22:40,11,0,0,0,0,-0.354166666664241,0,0,,1.5,0,,0,0,0,0
105,0,111,37,49,2017/5/8 14:10,2017/5/8 16:15,12,0,0,0,0,1:15:00,0,0,,1.5,0,,0,0,0,0
111,0,105,49,21,2017/5/8 17:30,2017/5/8 22:00,12,0,0,0,0,-0.541666666664241,0,0,,1.5,0,,0,0,0,0
1305,0,1315,20,49,2017/5/8 9:00,2017/5/8 14:00,13,0,0,0,0,1:10:00,0,0,,1.5,0,,0,0,0,0
1315,0,1305,49,27,2017/5/8 15:10,2017/5/8 17:55,13,0,0,0,0,-0.375,0,0,,1.5,0,,0,0,0,0
1358,0,1362,22,49,2017/5/8 8:55,2017/5/8 13:15,14,0,0,0,0,1:00:00,0,0,,1.5,0,,0,0,0,0
1362,0,1358,49,78,2017/5/8 14:15,2017/5/8 17:15,14,0,0,0,0,1:30:00,0,0,,1.5,0,,0,0,0,0
1552,1,1554,78,58,2017/5/8 18:45,2017/5/8 20:35,14,0,0,0,0,0:45:00,0,0,,1,0,,0,0,0,0
1554,1,1552,58,49,2017/5/8 21:20,2017/5/8 22:55,14,0,0,0,0,-0.604166666664241,0,0,,1,0,,0,0,0,0
838,0,-1,20,50,2017/5/8 8:25,2017/5/8 13:40,15,0,0,0,0,0:45:00,0,0,,1.5,0,,0,0,0,0
1273,1,-1,50,62,2017/5/8 14:25,2017/5/8 15:50,15,0,0,0,0,1:05:00,0,0,,1,0,,0,0,0,0
1030,1,-1,62,36,2017/5/8 16:55,2017/5/8 19:35,15,0,0,0,0,1:00:00,0,0,,1,0,,0,0,0,0
989,1,-1,36,62,2017/5/8 20:35,2017/5/8 22:55,15,0,0,0,0,-1.12847222221899,0,0,,1,0,,0,0,0,0
1632,1,1633,71,38,2017/5/7 19:50,2017/5/7 21:25,16,0,0,0,0,1:00:00,0,0,,1,0,,0,0,0,0
1633,1,1632,38,50,2017/5/7 22:25,2017/5/7 23:50,16,0,0,0,0,9:10:00,0,0,,1,0,,0,0,0,0
1351,0,-1,50,7,2017/5/8 9:00,2017/5/8 10:25,16,0,0,0,0,1:00:00,0,0,,1.5,0,,0,0,0,0
1434,0,-1,7,50,2017/5/8 11:25,2017/5/8 13:10,16,0,0,0,0,1:00:00,0,0,,1.5,0,,0,0,0,0
1467,0,-1,50,19,2017/5/8 14:10,2017/5/8 17:35,16,0,0,0,0,1:00:00,0,0,,1.5,0,,0,0,0,0
1470,0,-1,19,50,2017/5/8 18:35,2017/5/8 22:00,16,0,0,0,0,-1.18055555555475,0,0,,1.5,0,,0,0,0,0
1458,0,-1,15,61,2017/5/7 17:40,2017/5/7 19:05,17,0,0,0,0,1:00:00,0,0,,1.5,0,,0,0,0,0
1837,1,-1,61,67,2017/5/7 20:05,2017/5/7 22:45,17,0,0,0,0,9:45:00,0,0,,1,0,,0,0,0,0
115,1,119,67,38,2017/5/8 8:30,2017/5/8 9:55,17,0,0,0,0,1:00:00,0,0,,1,0,,0,0,0,0
119,1,115,38,50,2017/5/8 10:55,2017/5/8 12:20,17,0,0,0,0,2:10:00,0,0,,1,0,,0,0,0,0
733,1,-1,50,25,2017/5/8 14:30,2017/5/8 17:15,17,0,0,0,0,1:40:00,0,0,,1,0,,0,0,0,0
500,1,-1,25,49,2017/5/8 18:55,2017/5/8 22:00,17,0,0,0,0,-1.02777777777374,0,0,,1,0,,0,0,0,0
762,0,-1,11,49,2017/5/7 21:20,2017/5/7 23:35,18,0,0,0,0,7:55:00,0,0,,1.5,0,,0,0,0,0
671,1,687,49,52,2017/5/8 7:30,2017/5/8 8:55,18,0,0,0,0,1:00:00,0,0,,1,0,,0,0,0,0
687,1,671,52,30,2017/5/8 9:55,2017/5/8 12:05,18,0,0,0,0,1:00:00,0,0,,1,0,,0,0,0,0
705,1,663,30,52,2017/5/8 13:05,2017/5/8 15:05,18,0,0,0,0,1:00:00,0,0,,1,0,,0,0,0,0
663,1,705,52,49,2017/5/8 16:05,2017/5/8 17:35,18,0,0,0,0,1:00:00,0,0,,1,0,,0,0,0,0
395,1,342,49,60,2017/5/8 18:35,2017/5/8 21:10,18,0,0,0,0,0:45:00,0,0,,1,0,,0,0,0,0
342,1,395,60,78,2017/5/8 21:55,2017/5/8 22:50,18,0,0,0,0,-1.18055555555475,0,0,,1,0,,0,0,0,0
510,1,583,29,57,2017/5/7 18:30,2017/5/7 20:10,19,0,0,0,0,1:00:00,0,0,,1,0,,0,0,0,0
583,1,510,57,49,2017/5/7 21:10,2017/5/7 22:55,19,0,0,0,0,8:50:00,0,0,,1,0,,0,0,0,0
168,1,-1,49,57,2017/5/8 7:45,2017/5/8 9:35,19,0,0,0,0,1:15:00,0,0,,1,0,,0,0,0,0
186,1,-1,57,49,2017/5/8 10:50,2017/5/8 12:35,19,0,0,0,0,1:00:00,0,0,,1,0,,0,0,0,0
535,1,-1,49,63,2017/5/8 13:35,2017/5/8 14:30,19,0,0,0,0,1:00:00,0,0,,1,0,,0,0,0,0
299,0,-1,63,14,2017/5/8 15:30,2017/5/8 17:05,19,0,0,0,0,1:00:00,0,0,,1.5,0,,0,0,0,0
304,0,-1,14,63,2017/5/8 18:05,2017/5/8 19:45,19,0,0,0,0,2:05:00,0,0,,1.5,0,,0,0,0,0
1563,1,-1,63,25,2017/5/8 21:50,2017/5/9 0:15,19,0,0,0,0,-1.30555555555475,0,0,,1,0,,0,0,0,0
424,0,-1,1,49,2017/5/7 16:55,2017/5/8 6:10,20,0,0,0,0,2:50:00,0,0,,2,0,,0,0,0,0
561,1,-1,49,25,2017/5/8 9:00,2017/5/8 11:50,20,0,0,0,0,1:15:00,0,0,,1,0,,0,0,0,0
576,1,-1,25,49,2017/5/8 13:05,2017/5/8 16:00,20,0,0,0,0,1:00:00,0,0,,1,0,,0,0,0,0
738,1,-1,49,25,2017/5/8 17:00,2017/5/8 20:05,20,0,0,0,0,1:20:00,0,0,,1,0,,0,0,0,0
601,1,-1,25,50,2017/5/8 21:25,2017/5/9 0:10,20,0,0,0,0,-1.51041666666424,0,0,,1,0,,0,0,0,0
720,1,-1,62,25,2017/5/7 11:55,2017/5/7 14:10,21,0,0,0,0,2:10:00,0,0,,1,0,,0,0,0,0
525,1,-1,25,50,2017/5/7 16:20,2017/5/7 19:05,21,0,0,0,0,2:40:00,0,0,,1,0,,0,0,0,0
461,0,-1,50,24,2017/5/7 21:45,2017/5/8 7:15,21,0,0,0,0,2:00:00,0,0,,2,0,,0,0,0,0
468,0,-1,24,50,2017/5/8 9:15,2017/5/8 19:00,21,0,0,0,0,-0.875,0,0,,2,0,,0,0,0,0
297,0,-1,49,23,2017/5/7 22:00,2017/5/8 7:15,22,0,0,0,0,2:05:00,0,0,,2,0,,0,0,0,0
385,0,-1,23,49,2017/5/8 9:20,2017/5/8 18:55,22,0,0,0,0,2:45:00,0,0,,2,0,,0,0,0,0
344,0,-1,49,1,2017/5/8 21:40,2017/5/9 9:40,22,0,0,0,0,-1.76388888889051,0,0,,2,0,,0,0,0,0
645,1,-1,25,36,2017/5/7 15:20,2017/5/7 18:40,23,0,0,0,0,1:00:00,0,0,,1,0,,0,0,0,0
632,1,-1,36,25,2017/5/7 19:40,2017/5/7 23:05,23,0,0,0,0,9:30:00,0,0,,1,0,,0,0,0,0
794,1,-1,25,62,2017/5/8 8:35,2017/5/8 10:55,23,0,0,0,0,1:00:00,0,0,,1,0,,0,0,0,0
721,1,-1,62,25,2017/5/8 11:55,2017/5/8 14:10,23,0,0,0,0,2:00:00,0,0,,1,0,,0,0,0,0
541,1,-1,25,49,2017/5/8 16:10,2017/5/8 19:05,23,0,0,0,0,-0.788194444445253,0,0,,1,0,,0,0,0,0
539,0,-1,49,2,2017/5/8 0:10,2017/5/8 12:10,24,0,0,0,0,6:50:00,0,0,,2,0,,0,0,0,0
590,0,-1,2,49,2017/5/8 19:00,2017/5/9 6:10,24,0,0,0,0,-1.58333333333576,0,0,,2,0,,0,0,0,0
540,1,-1,25,49,2017/5/7 16:10,2017/5/7 19:05,25,0,0,0,0,15:55:00,0,0,,1,0,,0,0,0,0
528,1,-1,49,25,2017/5/8 11:00,2017/5/8 13:50,25,0,0,0,0,1:30:00,0,0,,1,0,,0,0,0,0
646,1,-1,25,36,2017/5/8 15:20,2017/5/8 18:40,25,0,0,0,0,1:00:00,0,0,,1,0,,0,0,0,0
633,1,-1,36,25,2017/5/8 19:40,2017/5/8 23:05,25,0,0,0,0,-1.17361111110949,0,0,,1,0,,0,0,0,0
743,1,-1,25,50,2017/5/7 18:55,2017/5/7 21:45,26,0,0,0,0,9:45:00,0,0,,1,0,,0,0,0,0
573,1,-1,50,25,2017/5/8 7:30,2017/5/8 10:20,26,0,0,0,0,1:15:00,0,0,,1,0,,0,0,0,0
588,1,-1,25,50,2017/5/8 11:35,2017/5/8 14:35,26,0,0,0,0,1:25:00,0,0,,1,0,,0,0,0,0
580,1,-1,50,25,2017/5/8 16:00,2017/5/8 18:50,26,0,0,0,0,1:15:00,0,0,,1,0,,0,0,0,0
754,1,-1,25,49,2017/5/8 20:05,2017/5/8 23:15,26,0,0,0,0,-0.552083333335759,0,0,,1,0,,0,0,0,0
741,1,-1,50,25,2017/5/8 10:00,2017/5/8 12:50,27,0,0,0,0,1:00:00,0,0,,1,0,,0,0,0,0
748,1,-1,25,50,2017/5/8 13:50,2017/5/8 16:40,27,0,0,0,0,-0.90625,0,0,,1,0,,0,0,0,0
547,1,-1,25,49,2017/5/7 18:55,2017/5/7 22:00,28,0,0,0,0,9:35:00,0,0,,1,0,,0,0,0,0
1195,1,-1,49,72,2017/5/8 7:35,2017/5/8 10:25,28,0,0,0,0,1:10:00,0,0,,1,0,,0,0,0,0
1158,1,-1,72,49,2017/5/8 11:35,2017/5/8 14:20,28,0,0,0,0,-0.128472222218988,0,0,,1,0,,0,0,0,0
61,1,-1,49,72,2017/5/8 11:15,2017/5/8 14:10,29,0,0,0,0,1:05:00,0,0,,1,0,,0,0,0,0
21,1,-1,72,49,2017/5/8 15:15,2017/5/8 17:55,29,0,0,0,0,1:05:00,0,0,,1,0,,0,0,0,0
233,1,-1,49,62,2017/5/8 19:00,2017/5/8 20:45,29,0,0,0,0,1:00:00,0,0,,1,0,,0,0,0,0
256,1,-1,62,49,2017/5/8 21:45,2017/5/8 23:35,29,0,0,0,0,-1.20138888889051,0,0,,1,0,,0,0,0,0
1172,1,-1,31,49,2017/5/7 18:45,2017/5/7 20:15,30,0,0,0,0,0:50:00,0,0,,1,0,,0,0,0,0
163,1,-1,49,62,2017/5/7 21:05,2017/5/7 22:45,30,0,0,0,0,8:45:00,0,0,,1,0,,0,0,0,0
182,1,-1,62,49,2017/5/8 7:30,2017/5/8 9:20,30,0,0,0,0,1:45:00,0,0,,1,0,,0,0,0,0
138,1,-1,49,67,2017/5/8 11:05,2017/5/8 13:45,30,0,0,0,0,1:15:00,0,0,,1,0,,0,0,0,0
153,1,-1,67,49,2017/5/8 15:00,2017/5/8 17:20,30,0,0,0,0,1:00:00,0,0,,1,0,,0,0,0,0
68,1,-1,49,68,2017/5/8 18:20,2017/5/8 20:25,30,0,0,0,0,0:50:00,0,0,,1,0,,0,0,0,0
38,1,-1,68,49,2017/5/8 21:15,2017/5/8 23:10,30,0,0,0,0,-1.29513888889051,0,0,,1,0,,0,0,0,0
1831,1,1832,47,68,2017/5/7 16:05,2017/5/7 17:35,31,0,0,0,0,0:50:00,0,0,,1,0,,0,0,0,0
1832,1,1831,68,50,2017/5/7 18:25,2017/5/7 20:35,31,0,0,0,0,11:30:00,0,0,,1,0,,0,0,0,0
12,1,-1,50,48,2017/5/8 8:05,2017/5/8 11:00,31,0,0,0,0,1:20:00,0,0,,1,0,,0,0,0,0
3,1,-1,48,50,2017/5/8 12:20,2017/5/8 15:10,31,0,0,0,0,1:20:00,0,0,,1,0,,0,0,0,0
1604,1,-1,50,62,2017/5/8 16:30,2017/5/8 17:55,31,0,0,0,0,1:05:00,0,0,,1,0,,0,0,0,0
266,1,-1,62,49,2017/5/8 19:00,2017/5/8 20:55,31,0,0,0,0,-1.28125,0,0,,1,0,,0,0,0,0
1771,1,1776,74,67,2017/5/7 14:10,2017/5/7 15:30,32,0,0,0,0,1:05:00,0,0,,1,0,,0,0,0,0
1776,1,1771,67,52,2017/5/7 16:35,2017/5/7 18:50,32,0,0,0,0,13:05:00,0,0,,1,0,,0,0,0,0
1736,1,1733,52,67,2017/5/8 7:55,2017/5/8 10:25,32,0,0,0,0,1:00:00,0,0,,1,0,,0,0,0,0
1733,1,1736,67,74,2017/5/8 11:25,2017/5/8 13:05,32,0,0,0,0,1:05:00,0,0,,1,0,,0,0,0,0
2254,1,2260,74,67,2017/5/8 14:10,2017/5/8 15:30,32,0,0,0,0,1:05:00,0,0,,1,0,,0,0,0,0
2260,1,2254,67,49,2017/5/8 16:35,2017/5/8 19:05,32,0,0,0,0,-1.07638888889051,0,0,,1,0,,0,0,0,0
134,1,-1,67,50,2017/5/7 17:15,2017/5/7 19:35,33,0,0,0,0,12:25:00,0,0,,1,0,,0,0,0,0
1054,1,-1,50,31,2017/5/8 8:00,2017/5/8 9:35,33,0,0,0,0,1:20:00,0,0,,1,0,,0,0,0,0
1081,1,-1,31,50,2017/5/8 10:55,2017/5/8 12:35,33,0,0,0,0,1:10:00,0,0,,1,0,,0,0,0,0
129,1,-1,50,67,2017/5/8 13:45,2017/5/8 16:15,33,0,0,0,0,1:00:00,0,0,,1,0,,0,0,0,0
142,1,-1,67,50,2017/5/8 17:15,2017/5/8 19:35,33,0,0,0,0,1:25:00,0,0,,1,0,,0,0,0,0
717,1,-1,50,25,2017/5/8 21:00,2017/5/9 0:05,33,0,0,0,0,-1.28125,0,0,,1,0,,0,0,0,0
1704,1,-1,68,52,2017/5/7 17:20,2017/5/7 19:30,34,0,0,0,0,1:00:00,0,0,,1,0,,0,0,0,0
1729,1,-1,52,67,2017/5/7 20:30,2017/5/7 22:55,34,0,0,0,0,9:50:00,0,0,,1,0,,0,0,0,0
1740,1,-1,67,52,2017/5/8 8:45,2017/5/8 11:00,34,0,0,0,0,3:10:00,0,0,,1,0,,0,0,0,0
1660,1,-1,52,68,2017/5/8 14:10,2017/5/8 16:35,34,0,0,0,0,0:45:00,0,0,,1,0,,0,0,0,0
1705,1,-1,68,52,2017/5/8 17:20,2017/5/8 19:30,34,0,0,0,0,1:00:00,0,0,,1,0,,0,0,0,0
1730,1,-1,52,67,2017/5/8 20:30,2017/5/8 22:55,34,0,0,0,0,-1.24652777777374,0,0,,1,0,,0,0,0,0
901,1,916,43,38,2017/5/7 17:00,2017/5/7 19:00,35,0,0,0,0,1:00:00,0,0,,1,0,,0,0,0,0
916,1,901,38,49,2017/5/7 20:00,2017/5/7 21:35,35,0,0,0,0,9:25:00,0,0,,1,0,,0,0,0,0
1014,1,-1,49,31,2017/5/8 7:00,2017/5/8 8:35,35,0,0,0,0,1:05:00,0,0,,1,0,,0,0,0,0
1026,1,-1,31,49,2017/5/8 9:40,2017/5/8 11:10,35,0,0,0,0,1:10:00,0,0,,1,0,,0,0,0,0
381,1,352,49,55,2017/5/8 12:20,2017/5/8 14:25,35,0,0,0,0,0:45:00,0,0,,1,0,,0,0,0,0
352,1,381,55,77,2017/5/8 15:10,2017/5/8 17:20,35,0,0,0,0,0:50:00,0,0,,1,0,,0,0,0,0
364,1,435,77,55,2017/5/8 18:10,2017/5/8 20:35,35,0,0,0,0,0:45:00,0,0,,1,0,,0,0,0,0
435,1,364,55,49,2017/5/8 21:20,2017/5/8 23:30,35,0,0,0,0,-1.15625,0,0,,1,0,,0,0,0,0
1413,0,-1,6,49,2017/5/7 19:45,2017/5/7 21:25,36,0,0,0,0,10:10:00,0,0,,1.5,0,,0,0,0,0
1116,1,-1,49,41,2017/5/8 7:35,2017/5/8 9:30,36,0,0,0,0,0:50:00,0,0,,1,0,,0,0,0,0
1128,1,-1,41,49,2017/5/8 10:20,2017/5/8 12:05,36,0,0,0,0,1:50:00,0,0,,1,0,,0,0,0,0
1197,0,-1,49,9,2017/5/8 13:55,2017/5/8 17:20,36,0,0,0,0,1:00:00,0,0,,1.5,0,,0,0,0,0
1182,0,-1,9,49,2017/5/8 18:20,2017/5/8 21:40,36,0,0,0,0,-1.14930555556202,0,0,,1.5,0,,0,0,0,0
350,1,355,76,60,2017/5/7 18:05,2017/5/7 20:05,37,0,0,0,0,0:55:00,0,0,,1,0,,0,0,0,0
355,1,350,60,49,2017/5/7 21:00,2017/5/7 23:25,37,0,0,0,0,7:40:00,0,0,,1,0,,0,0,0,0
2042,1,2043,49,65,2017/5/8 7:05,2017/5/8 9:50,37,0,0,0,0,1:00:00,0,0,,1,0,,0,0,0,0
2043,1,2042,65,77,2017/5/8 10:50,2017/5/8 12:40,37,0,0,0,0,0:50:00,0,0,,1,0,,0,0,0,0
1940,1,1951,77,26,2017/5/8 13:30,2017/5/8 15:45,37,0,0,0,0,1:15:00,0,0,,1,0,,0,0,0,0
1951,1,1940,26,67,2017/5/8 17:00,2017/5/8 19:20,37,0,0,0,0,1:35:00,0,0,,1,0,,0,0,0,0
1850,1,-1,67,61,2017/5/8 20:55,2017/5/8 23:20,37,0,0,0,0,-1.38541666666424,0,0,,1,0,,0,0,0,0
1200,1,-1,62,36,2017/5/7 14:05,2017/5/7 16:30,38,0,0,0,0,1:10:00,0,0,,1,0,,0,0,0,0
1892,1,-1,36,67,2017/5/7 17:40,2017/5/7 19:55,38,0,0,0,0,1:30:00,0,0,,1,0,,0,0,0,0
1574,1,-1,67,32,2017/5/7 21:25,2017/5/7 23:00,38,0,0,0,0,8:55:00,0,0,,1,0,,0,0,0,0
1980,1,1955,32,57,2017/5/8 7:55,2017/5/8 9:25,38,0,0,0,0,1:00:00,0,0,,1,0,,0,0,0,0
1955,1,1980,57,78,2017/5/8 10:25,2017/5/8 12:05,38,0,0,0,0,0:50:00,0,0,,1,0,,0,0,0,0
1965,1,1971,78,57,2017/5/8 12:55,2017/5/8 14:35,38,0,0,0,0,1:00:00,0,0,,1,0,,0,0,0,0
1971,1,1965,57,32,2017/5/8 15:35,2017/5/8 17:10,38,0,0,0,0,1:40:00,0,0,,1,0,,0,0,0,0
615,1,-1,32,25,2017/5/8 18:50,2017/5/8 21:05,38,0,0,0,0,1:05:00,0,0,,1,0,,0,0,0,0
625,1,-1,25,32,2017/5/8 22:10,2017/5/9 0:45,38,0,0,0,0,-1.23611111110949,0,0,,1,0,,0,0,0,0
1593,1,-1,50,41,2017/5/7 19:05,2017/5/7 21:10,39,0,0,0,0,0:45:00,0,0,,1,0,,0,0,0,0
1581,1,-1,41,50,2017/5/7 21:55,2017/5/7 23:55,39,0,0,0,0,11:40:00,0,0,,1,0,,0,0,0,0
261,1,-1,50,62,2017/5/8 11:35,2017/5/8 12:55,39,0,0,0,0,1:10:00,0,0,,1,0,,0,0,0,0
1201,1,-1,62,36,2017/5/8 14:05,2017/5/8 16:30,39,0,0,0,0,1:10:00,0,0,,1,0,,0,0,0,0
1893,1,-1,36,67,2017/5/8 17:40,2017/5/8 19:55,39,0,0,0,0,1:30:00,0,0,,1,0,,0,0,0,0
1575,1,-1,67,32,2017/5/8 21:25,2017/5/8 23:00,39,0,0,0,0,-1.11458333333576,0,0,,1,0,,0,0,0,0
84,1,-1,48,50,2017/5/7 20:15,2017/5/7 23:00,40,0,0,0,0,11:25:00,0,0,,1,0,,0,0,0,0
1838,1,1841,50,68,2017/5/8 10:25,2017/5/8 12:55,40,0,0,0,0,0:45:00,0,0,,1,0,,0,0,0,0
1841,1,1838,68,47,2017/5/8 13:40,2017/5/8 15:10,40,0,0,0,0,1:00:00,0,0,,1,0,,0,0,0,0
2250,1,2252,47,32,2017/5/8 16:10,2017/5/8 18:30,40,0,0,0,0,0:55:00,0,0,,1,0,,0,0,0,0
2252,1,2250,32,52,2017/5/8 19:25,2017/5/8 21:00,40,0,0,0,0,-0.989583333335759,0,0,,1,0,,0,0,0,0
30,1,-1,68,49,2017/5/7 21:15,2017/5/7 23:10,41,0,0,0,0,8:55:00,0,0,,1,0,,0,0,0,0
1088,1,-1,49,38,2017/5/8 8:05,2017/5/8 9:45,41,0,0,0,0,1:00:00,0,0,,1,0,,0,0,0,0
1049,1,-1,38,49,2017/5/8 10:45,2017/5/8 12:15,41,0,0,0,0,3:45:00,0,0,,1,0,,0,0,0,0
254,1,-1,49,62,2017/5/8 16:00,2017/5/8 17:45,41,0,0,0,0,1:10:00,0,0,,1,0,,0,0,0,0
1614,1,-1,62,50,2017/5/8 18:55,2017/5/8 20:25,41,0,0,0,0,-1.07638888889051,0,0,,1,0,,0,0,0,0
2163,1,2164,46,73,2017/5/7 18:35,2017/5/7 19:45,42,0,0,0,0,0:45:00,0,0,,1,0,,0,0,0,0
2164,1,2163,73,49,2017/5/7 20:30,2017/5/7 22:35,42,0,0,0,0,9:20:00,0,0,,1,0,,0,0,0,0
1569,1,-1,49,53,2017/5/8 7:55,2017/5/8 9:35,42,0,0,0,0,1:00:00,0,0,,1,0,,0,0,0,0
1572,1,-1,53,49,2017/5/8 10:35,2017/5/8 12:00,42,0,0,0,0,1:05:00,0,0,,1,0,,0,0,0,0
1749,1,1752,49,32,2017/5/8 13:05,2017/5/8 14:55,42,0,0,0,0,0:55:00,0,0,,1,0,,0,0,0,0
1752,1,1749,32,70,2017/5/8 15:50,2017/5/8 17:40,42,0,0,0,0,1:05:00,0,0,,1,0,,0,0,0,0
1726,1,1731,70,32,2017/5/8 18:45,2017/5/8 20:25,42,0,0,0,0,1:00:00,0,0,,1,0,,0,0,0,0
1731,1,1726,32,49,2017/5/8 21:25,2017/5/8 22:55,42,0,0,0,0,-1.11111111110949,0,0,,1,0,,0,0,0,0
793,1,-1,46,49,2017/5/7 20:15,2017/5/7 23:05,43,0,0,0,0,12:55:00,0,0,,1,0,,0,0,0,0
1207,1,-1,49,48,2017/5/8 12:00,2017/5/8 14:40,43,0,0,0,0,1:00:00,0,0,,1,0,,0,0,0,0
1220,1,-1,48,49,2017/5/8 15:40,2017/5/8 18:25,43,0,0,0,0,2:30:00,0,0,,1,0,,0,0,0,0
164,1,-1,49,62,2017/5/8 20:55,2017/5/8 22:45,43,0,0,0,0,-1.34375,0,0,,1,0,,0,0,0,0
95,1,97,69,67,2017/5/7 14:30,2017/5/7 16:55,44,0,0,0,0,1:00:00,0,0,,1,0,,0,0,0,0
97,1,95,67,49,2017/5/7 17:55,2017/5/7 20:25,44,0,0,0,0,10:45:00,0,0,,1,0,,0,0,0,0
75,1,81,49,67,2017/5/8 7:10,2017/5/8 9:50,44,0,0,0,0,1:05:00,0,0,,1,0,,0,0,0,0
81,1,75,67,69,2017/5/8 10:55,2017/5/8 13:40,44,0,0,0,0,0:50:00,0,0,,1,0,,0,0,0,0
1203,1,1250,69,67,2017/5/8 14:30,2017/5/8 16:55,44,0,0,0,0,1:00:00,0,0,,1,0,,0,0,0,0
1250,1,1203,67,50,2017/5/8 17:55,2017/5/8 20:20,44,0,0,0,0,-0.98263888888323,0,0,,1,0,,0,0,0,0
1009,1,-1,31,50,2017/5/7 20:45,2017/5/7 22:35,45,0,0,0,0,10:15:00,0,0,,1,0,,0,0,0,0
89,1,-1,50,68,2017/5/8 8:50,2017/5/8 11:05,45,0,0,0,0,0:50:00,0,0,,1,0,,0,0,0,0
103,1,-1,68,50,2017/5/8 11:55,2017/5/8 14:10,45,0,0,0,0,1:45:00,0,0,,1,0,,0,0,0,0
72,1,-1,50,48,2017/5/8 15:55,2017/5/8 19:05,45,0,0,0,0,1:10:00,0,0,,1,0,,0,0,0,0
85,1,-1,48,50,2017/5/8 20:15,2017/5/8 23:00,45,0,0,0,0,-1.21527777778101,0,0,,1,0,,0,0,0,0
1513,0,-1,15,50,2017/5/7 17:50,2017/5/7 19:25,46,0,0,0,0,15:55:00,0,0,,1.5,0,,0,0,0,0
929,1,949,50,38,2017/5/8 11:20,2017/5/8 13:00,46,0,0,0,0,1:00:00,0,0,,1,0,,0,0,0,0
949,1,929,38,45,2017/5/8 14:00,2017/5/8 16:20,46,0,0,0,0,0:45:00,0,0,,1,0,,0,0,0,0
974,1,981,45,38,2017/5/8 17:05,2017/5/8 19:10,46,0,0,0,0,1:00:00,0,0,,1,0,,0,0,0,0
981,1,974,38,50,2017/5/8 20:10,2017/5/8 21:40,46,0,0,0,0,-1.30208333333576,0,0,,1,0,,0,0,0,0
2015,1,2018,77,37,2017/5/7 14:25,2017/5/7 17:35,47,0,0,0,0,1:00:00,0,0,,1,0,,0,0,0,0
2018,1,2015,37,50,2017/5/7 18:35,2017/5/7 20:30,47,0,0,0,0,14:40:00,0,0,,1,0,,0,0,0,0
1006,1,-1,50,31,2017/5/8 11:10,2017/5/8 12:40,47,0,0,0,0,1:10:00,0,0,,1,0,,0,0,0,0
1020,1,-1,31,50,2017/5/8 13:50,2017/5/8 15:40,47,0,0,0,0,1:00:00,0,0,,1,0,,0,0,0,0
1375,0,-1,50,16,2017/5/8 16:40,2017/5/8 20:15,47,0,0,0,0,1:00:00,0,0,,1.5,0,,0,0,0,0
1389,0,-1,16,50,2017/5/8 21:15,2017/5/9 0:35,47,0,0,0,0,-1.10763888889051,0,0,,1.5,0,,0,0,0,0
179,1,-1,49,32,2017/5/7 22:00,2017/5/7 23:45,48,0,0,0,0,7:40:00,0,0,,1,0,,0,0,0,0
125,1,-1,32,49,2017/5/8 7:25,2017/5/8 8:55,48,0,0,0,0,1:25:00,0,0,,1,0,,0,0,0,0
893,1,-1,49,46,2017/5/8 10:20,2017/5/8 13:05,48,0,0,0,0,1:05:00,0,0,,1,0,,0,0,0,0
907,1,-1,46,49,2017/5/8 14:10,2017/5/8 16:55,48,0,0,0,0,1:10:00,0,0,,1,0,,0,0,0,0
2302,1,-1,49,39,2017/5/8 18:05,2017/5/8 20:05,48,0,0,0,0,0:45:00,0,0,,1,0,,0,0,0,0
2303,1,-1,39,49,2017/5/8 20:50,2017/5/8 22:50,48,0,0,0,0,-1.28819444444525,0,0,,1,0,,0,0,0,0
913,1,881,75,54,2017/5/7 15:55,2017/5/7 20:05,49,0,0,0,0,0:45:00,0,0,,1,0,,0,0,0,0
881,1,913,54,49,2017/5/7 20:50,2017/5/7 23:05,49,0,0,0,0,9:30:00,0,0,,1,0,,0,0,0,0
873,1,-1,49,46,2017/5/8 8:35,2017/5/8 11:25,49,0,0,0,0,1:05:00,0,0,,1,0,,0,0,0,0
877,1,-1,46,49,2017/5/8 12:30,2017/5/8 15:20,49,0,0,0,0,1:30:00,0,0,,1,0,,0,0,0,0
1407,0,-1,49,6,2017/5/8 16:50,2017/5/8 18:45,49,0,0,0,0,1:00:00,0,0,,1.5,0,,0,0,0,0
1414,0,-1,6,49,2017/5/8 19:45,2017/5/8 21:25,49,0,0,0,0,-0.586805555554747,0,0,,1.5,0,,0,0,0,0
2357,1,-1,50,58,2017/5/8 7:20,2017/5/8 9:00,50,0,0,0,0,0:30:00,0,0,,1,0,,0,0,0,0
2354,1,-1,58,58,2017/5/8 9:30,2017/5/8 11:30,50,0,0,0,0,2:00:00,0,0,,1,0,,0,0,0,0
2355,1,-1,58,58,2017/5/8 13:30,2017/5/8 16:30,50,0,0,0,0,1:30:00,0,0,,1,0,,0,0,0,0
2358,1,-1,58,58,2017/5/8 18:00,2017/5/8 20:00,50,0,0,0,0,-1.02083333333576,0,0,,1,0,,0,0,0,0
1786,1,-1,61,62,2017/5/7 19:30,2017/5/7 21:00,51,0,0,0,0,1:00:00,0,0,,1,0,,0,0,0,0
1793,1,-1,62,61,2017/5/7 22:00,2017/5/7 23:40,51,0,0,0,0,8:30:00,0,0,,1,0,,0,0,0,0
2156,1,2149,61,37,2017/5/8 8:10,2017/5/8 10:15,51,0,0,0,0,1:00:00,0,0,,1,0,,0,0,0,0
2149,1,2156,37,43,2017/5/8 11:15,2017/5/8 13:10,51,0,0,0,0,1:15:00,0,0,,1,0,,0,0,0,0
2286,1,2293,43,37,2017/5/8 14:25,2017/5/8 16:05,51,0,0,0,0,1:00:00,0,0,,1,0,,0,0,0,0
2293,1,2286,37,61,2017/5/8 17:05,2017/5/8 19:10,51,0,0,0,0,-0.993055555554747,0,0,,1,0,,0,0,0,0
2072,1,2074,61,38,2017/5/7 19:20,2017/5/7 21:05,52,0,0,0,0,1:00:00,0,0,,1,0,,0,0,0,0
2074,1,2072,38,27,2017/5/7 22:05,2017/5/8 0:05,52,0,0,0,0,7:00:00,0,0,,1,0,,0,0,0,0
2239,1,-1,27,31,2017/5/8 7:05,2017/5/8 10:10,52,0,0,0,0,1:05:00,0,0,,1,0,,0,0,0,0
2219,1,-1,31,27,2017/5/8 11:15,2017/5/8 14:25,52,0,0,0,0,3:20:00,0,0,,1,0,,0,0,0,0
1865,1,-1,27,36,2017/5/8 17:45,2017/5/8 21:05,52,0,0,0,0,1:00:00,0,0,,1,0,,0,0,0,0
1579,1,-1,36,52,2017/5/8 22:05,2017/5/9 0:10,52,0,0,0,0,-1.36458333333576,0,0,,1,0,,0,0,0,0
465,1,481,79,49,2017/5/7 15:25,2017/5/7 19:05,53,0,0,0,0,1:05:00,0,0,,1,0,,0,0,0,0
481,1,465,49,36,2017/5/7 20:10,2017/5/7 21:20,53,0,0,0,0,1:05:00,0,0,,1,0,,0,0,0,0
1123,1,-1,36,50,2017/5/7 22:25,2017/5/8 0:05,53,0,0,0,0,9:15:00,0,0,,1,0,,0,0,0,0
1441,0,-1,50,8,2017/5/8 9:20,2017/5/8 12:40,53,0,0,0,0,1:15:00,0,0,,1.5,0,,0,0,0,0
1444,0,-1,8,50,2017/5/8 13:55,2017/5/8 17:45,53,0,0,0,0,0:45:00,0,0,,1.5,0,,0,0,0,0
228,1,-1,50,62,2017/5/8 18:30,2017/5/8 19:50,53,0,0,0,0,1:15:00,0,0,,1,0,,0,0,0,0
236,1,-1,62,50,2017/5/8 21:05,2017/5/8 22:35,53,0,0,0,0,-1.19444444443798,0,0,,1,0,,0,0,0,0
818,1,824,45,37,2017/5/7 17:55,2017/5/7 19:45,54,0,0,0,0,1:00:00,0,0,,1,0,,0,0,0,0
824,1,818,37,49,2017/5/7 20:45,2017/5/7 23:00,54,0,0,0,0,9:05:00,0,0,,1,0,,0,0,0,0
1247,1,-1,49,48,2017/5/8 8:05,2017/5/8 10:50,54,0,0,0,0,1:00:00,0,0,,1,0,,0,0,0,0
1209,1,-1,48,49,2017/5/8 11:50,2017/5/8 14:45,54,0,0,0,0,1:10:00,0,0,,1,0,,0,0,0,0
1370,0,-1,49,10,2017/5/8 15:55,2017/5/8 18:45,54,0,0,0,0,1:00:00,0,0,,1.5,0,,0,0,0,0
1386,0,-1,10,49,2017/5/8 19:45,2017/5/8 22:40,54,0,0,0,0,-1.06597222222626,0,0,,1.5,0,,0,0,0,0
235,1,-1,62,50,2017/5/7 21:05,2017/5/7 22:35,55,0,0,0,0,8:50:00,0,0,,1,0,,0,0,0,0
1078,1,-1,50,36,2017/5/8 7:25,2017/5/8 8:45,55,0,0,0,0,1:00:00,0,0,,1,0,,0,0,0,0
490,1,447,36,49,2017/5/8 9:45,2017/5/8 11:05,55,0,0,0,0,1:00:00,0,0,,1,0,,0,0,0,0
447,1,490,49,79,2017/5/8 12:05,2017/5/8 15:35,55,0,0,0,0,1:05:00,0,0,,1,0,,0,0,0,0
303,1,317,79,60,2017/5/8 16:40,2017/5/8 18:20,55,0,0,0,0,1:00:00,0,0,,1,0,,0,0,0,0
317,1,303,60,50,2017/5/8 19:20,2017/5/8 21:30,55,0,0,0,0,-1.04861111111677,0,0,,1,0,,0,0,0,0
209,1,-1,62,49,2017/5/7 20:20,2017/5/7 22:15,56,0,0,0,0,11:40:00,0,0,,1,0,,0,0,0,0
1298,1,-1,49,62,2017/5/8 9:55,2017/5/8 11:45,56,0,0,0,0,1:30:00,0,0,,1,0,,0,0,0,0
1301,1,-1,62,49,2017/5/8 13:15,2017/5/8 15:05,56,0,0,0,0,-0.722222222218988,0,0,,1,0,,0,0,0,0
248,1,-1,62,49,2017/5/7 21:45,2017/5/7 23:35,57,0,0,0,0,9:20:00,0,0,,1,0,,0,0,0,0
205,1,-1,49,62,2017/5/8 8:55,2017/5/8 10:40,57,0,0,0,0,1:00:00,0,0,,1,0,,0,0,0,0
218,1,-1,62,49,2017/5/8 11:40,2017/5/8 13:30,57,0,0,0,0,1:00:00,0,0,,1,0,,0,0,0,0
201,1,-1,49,62,2017/5/8 14:30,2017/5/8 16:15,57,0,0,0,0,1:05:00,0,0,,1,0,,0,0,0,0
190,1,-1,62,49,2017/5/8 17:20,2017/5/8 19:10,57,0,0,0,0,2:50:00,0,0,,1,0,,0,0,0,0
180,1,-1,49,32,2017/5/8 22:00,2017/5/8 23:45,57,0,0,0,0,-1.27430555555475,0,0,,1,0,,0,0,0,0
1183,0,1490,16,50,2017/5/7 17:10,2017/5/7 20:50,58,0,0,0,0,1:00:00,0,0,,1.5,0,,0,0,0,0
1490,0,1183,50,78,2017/5/7 21:50,2017/5/8 0:15,58,0,0,0,0,8:25:00,0,0,,1.5,0,,0,0,0,0
1472,0,1161,78,50,2017/5/8 8:40,2017/5/8 11:45,58,0,0,0,0,1:05:00,0,0,,1.5,0,,0,0,0,0
1161,0,1472,50,16,2017/5/8 12:50,2017/5/8 16:25,58,0,0,0,0,1:00:00,0,0,,1.5,0,,0,0,0,0
1184,0,1489,16,50,2017/5/8 17:25,2017/5/8 20:50,58,0,0,0,0,1:00:00,0,0,,1.5,0,,0,0,0,0
1489,0,1184,50,78,2017/5/8 21:50,2017/5/9 0:15,58,0,0,0,0,-1.11458333332848,0,0,,1.5,0,,0,0,0,0
2236,1,-1,40,49,2017/5/7 21:30,2017/5/7 23:25,59,0,0,0,0,8:15:00,0,0,,1,0,,0,0,0,0
2356,1,-1,49,51,2017/5/8 7:40,2017/5/8 8:30,59,0,0,0,0,0:30:00,0,0,,1,0,,0,0,0,0
2352,1,-1,51,51,2017/5/8 9:00,2017/5/8 12:00,59,0,0,0,0,1:30:00,0,0,,1,0,,0,0,0,0
2353,1,-1,51,51,2017/5/8 13:30,2017/5/8 16:30,59,0,0,0,0,-1.12152777778101,0,0,,1,0,,0,0,0,0
2317,1,2305,52,46,2017/5/7 13:35,2017/5/7 15:55,60,0,0,0,0,1:00:00,0,0,,1,0,,0,0,0,0
2305,1,2317,46,45,2017/5/7 16:55,2017/5/7 18:25,60,0,0,0,0,0:45:00,0,0,,1,0,,0,0,0,0
2308,1,2311,45,46,2017/5/7 19:10,2017/5/7 20:30,60,0,0,0,0,1:05:00,0,0,,1,0,,0,0,0,0
2311,1,2308,46,52,2017/5/7 21:35,2017/5/7 23:45,60,0,0,0,0,9:25:00,0,0,,1,0,,0,0,0,0
1881,1,-1,52,31,2017/5/8 9:10,2017/5/8 11:20,60,0,0,0,0,1:15:00,0,0,,1,0,,0,0,0,0
1900,1,-1,31,52,2017/5/8 12:35,2017/5/8 14:45,60,0,0,0,0,3:15:00,0,0,,1,0,,0,0,0,0
637,1,-1,52,25,2017/5/8 18:00,2017/5/8 20:20,60,0,0,0,0,1:15:00,0,0,,1,0,,0,0,0,0
683,1,-1,25,52,2017/5/8 21:35,2017/5/8 23:45,60,0,0,0,0,-1.23958333333576,0,0,,1,0,,0,0,0,0
636,1,-1,52,25,2017/5/7 18:00,2017/5/7 20:20,61,0,0,0,0,1:15:00,0,0,,1,0,,0,0,0,0
682,1,-1,25,52,2017/5/7 21:35,2017/5/7 23:45,61,0,0,0,0,7:20:00,0,0,,1,0,,0,0,0,0
2247,1,-1,52,36,2017/5/8 7:05,2017/5/8 9:20,61,0,0,0,0,1:05:00,0,0,,1,0,,0,0,0,0
2243,1,-1,36,52,2017/5/8 10:25,2017/5/8 12:30,61,0,0,0,0,1:05:00,0,0,,1,0,,0,0,0,0
2318,1,2306,52,46,2017/5/8 13:35,2017/5/8 15:55,61,0,0,0,0,1:00:00,0,0,,1,0,,0,0,0,0
2306,1,2318,46,45,2017/5/8 16:55,2017/5/8 18:25,61,0,0,0,0,0:45:00,0,0,,1,0,,0,0,0,0
2309,1,2312,45,46,2017/5/8 19:10,2017/5/8 20:30,61,0,0,0,0,1:05:00,0,0,,1,0,,0,0,0,0
2312,1,2309,46,52,2017/5/8 21:35,2017/5/8 23:45,61,0,0,0,0,-1.14930555555475,0,0,,1,0,,0,0,0,0
1843,1,1847,48,35,2017/5/7 20:10,2017/5/7 22:00,62,0,0,0,0,0:45:00,0,0,,1,0,,0,0,0,0
1847,1,1843,35,61,2017/5/7 22:45,2017/5/7 23:55,62,0,0,0,0,9:35:00,0,0,,1,0,,0,0,0,0
1905,1,-1,61,31,2017/5/8 9:30,2017/5/8 10:55,62,0,0,0,0,1:00:00,0,0,,1,0,,0,0,0,0
1877,1,-1,31,61,2017/5/8 11:55,2017/5/8 13:10,62,0,0,0,0,2:00:00,0,0,,1,0,,0,0,0,0
1682,1,-1,61,68,2017/5/8 15:10,2017/5/8 17:20,62,0,0,0,0,0:50:00,0,0,,1,0,,0,0,0,0
1691,1,-1,68,61,2017/5/8 18:10,2017/5/8 20:10,62,0,0,0,0,-1.03819444444525,0,0,,1,0,,0,0,0,0
432,1,404,79,57,2017/5/7 19:15,2017/5/7 21:30,63,0,0,0,0,1:00:00,0,0,,1,0,,0,0,0,0
404,1,432,57,50,2017/5/7 22:30,2017/5/7 23:50,63,0,0,0,0,8:05:00,0,0,,1,0,,0,0,0,0
870,1,822,50,46,2017/5/8 7:55,2017/5/8 10:40,63,0,0,0,0,1:05:00,0,0,,1,0,,0,0,0,0
822,1,870,46,43,2017/5/8 11:45,2017/5/8 12:55,63,0,0,0,0,0:45:00,0,0,,1,0,,0,0,0,0
836,1,846,43,46,2017/5/8 13:40,2017/5/8 14:50,63,0,0,0,0,1:00:00,0,0,,1,0,,0,0,0,0
846,1,836,46,50,2017/5/8 15:50,2017/5/8 18:25,63,0,0,0,0,-0.972222222218988,0,0,,1,0,,0,0,0,0
1036,1,-1,49,31,2017/5/7 19:05,2017/5/7 20:30,64,0,0,0,0,1:30:00,0,0,,1,0,,0,0,0,0
990,1,-1,31,49,2017/5/7 22:00,2017/5/7 23:20,64,0,0,0,0,12:15:00,0,0,,1,0,,0,0,0,0
850,1,861,49,37,2017/5/8 11:35,2017/5/8 13:55,64,0,0,0,0,1:00:00,0,0,,1,0,,0,0,0,0
861,1,850,37,45,2017/5/8 14:55,2017/5/8 17:10,64,0,0,0,0,0:45:00,0,0,,1,0,,0,0,0,0
830,1,831,45,37,2017/5/8 17:55,2017/5/8 19:45,64,0,0,0,0,1:00:00,0,0,,1,0,,0,0,0,0
831,1,830,37,49,2017/5/8 20:45,2017/5/8 23:00,64,0,0,0,0,-0.61111111111677,0,0,,1,0,,0,0,0,0
1890,1,-1,67,36,2017/5/8 8:20,2017/5/8 10:30,65,0,0,0,0,1:05:00,0,0,,1,0,,0,0,0,0
1170,1,-1,36,62,2017/5/8 11:35,2017/5/8 13:55,65,0,0,0,0,1:10:00,0,0,,1,0,,0,0,0,0
219,1,-1,62,50,2017/5/8 15:05,2017/5/8 16:30,65,0,0,0,0,1:55:00,0,0,,1,0,,0,0,0,0
1429,0,-1,50,6,2017/5/8 18:25,2017/5/8 19:45,65,0,0,0,0,1:00:00,0,0,,1.5,0,,0,0,0,0
1399,0,-1,6,50,2017/5/8 20:45,2017/5/8 22:10,65,0,0,0,0,-1.20833333332848,0,0,,1.5,0,,0,0,0,0
1960,1,1961,76,27,2017/5/7 17:10,2017/5/7 18:50,66,0,0,0,0,1:10:00,0,0,,1,0,,0,0,0,0
1961,1,1960,27,50,2017/5/7 20:00,2017/5/7 22:45,66,0,0,0,0,9:30:00,0,0,,1,0,,0,0,0,0
1132,1,1144,50,35,2017/5/8 8:15,2017/5/8 9:45,66,0,0,0,0,0:45:00,0,0,,1,0,,0,0,0,0
1144,1,1132,35,34,2017/5/8 10:30,2017/5/8 11:50,66,0,0,0,0,0:50:00,0,0,,1,0,,0,0,0,0
1104,1,1113,34,35,2017/5/8 12:40,2017/5/8 13:55,66,0,0,0,0,0:45:00,0,0,,1,0,,0,0,0,0
1113,1,1104,35,50,2017/5/8 14:40,2017/5/8 16:10,66,0,0,0,0,1:20:00,0,0,,1,0,,0,0,0,0
1110,1,-1,50,36,2017/5/8 17:30,2017/5/8 18:55,66,0,0,0,0,1:20:00,0,0,,1,0,,0,0,0,0
1873,1,-1,36,27,2017/5/8 20:15,2017/5/8 23:20,66,0,0,0,0,-1.30555555555475,0,0,,1,0,,0,0,0,0
706,1,650,30,32,2017/5/7 16:00,2017/5/7 17:45,67,0,0,0,0,0:50:00,0,0,,1,0,,0,0,0,0
650,1,706,32,49,2017/5/7 18:35,2017/5/7 20:15,67,0,0,0,0,11:35:00,0,0,,1,0,,0,0,0,0
284,1,-1,49,79,2017/5/8 7:50,2017/5/8 11:10,67,0,0,0,0,0:45:00,0,0,,1,0,,0,0,0,0
370,1,-1,79,49,2017/5/8 11:55,2017/5/8 15:35,67,0,0,0,0,1:30:00,0,0,,1,0,,0,0,0,0
936,1,953,49,38,2017/5/8 17:05,2017/5/8 18:50,67,0,0,0,0,1:15:00,0,0,,1,0,,0,0,0,0
953,1,936,38,75,2017/5/8 20:05,2017/5/9 0:25,67,0,0,0,0,-1.15277777777374,0,0,,1,0,,0,0,0,0
1396,0,-1,6,50,2017/5/7 20:45,2017/5/7 22:10,68,0,0,0,0,10:15:00,0,0,,1.5,0,,0,0,0,0
713,1,-1,50,30,2017/5/8 8:25,2017/5/8 11:00,68,0,0,0,0,0:45:00,0,0,,1,0,,0,0,0,0
724,1,-1,30,50,2017/5/8 11:45,2017/5/8 14:20,68,0,0,0,0,1:40:00,0,0,,1,0,,0,0,0,0
948,1,962,50,37,2017/5/8 16:00,2017/5/8 18:10,68,0,0,0,0,1:00:00,0,0,,1,0,,0,0,0,0
962,1,948,37,75,2017/5/8 19:10,2017/5/8 23:25,68,0,0,0,0,-0.645833333335759,0,0,,1,0,,0,0,0,0
963,1,965,75,38,2017/5/8 7:55,2017/5/8 11:45,69,0,0,0,0,1:00:00,0,0,,1,0,,0,0,0,0
965,1,963,38,49,2017/5/8 12:45,2017/5/8 14:15,69,0,0,0,0,1:35:00,0,0,,1,0,,0,0,0,0
1153,1,-1,49,31,2017/5/8 15:50,2017/5/8 17:20,69,0,0,0,0,1:25:00,0,0,,1,0,,0,0,0,0
1173,1,-1,31,49,2017/5/8 18:45,2017/5/8 20:15,69,0,0,0,0,-1.02777777778101,0,0,,1,0,,0,0,0,0
1387,0,-1,16,50,2017/5/7 19:35,2017/5/7 23:15,70,0,0,0,0,12:25:00,0,0,,1.5,0,,0,0,0,0
1537,1,1544,50,54,2017/5/8 11:40,2017/5/8 13:55,70,0,0,0,0,1:05:00,0,0,,1,0,,0,0,0,0
1544,1,1537,54,77,2017/5/8 15:00,2017/5/8 17:15,70,0,0,0,0,0:45:00,0,0,,1,0,,0,0,0,0
1540,1,1541,77,54,2017/5/8 18:00,2017/5/8 20:25,70,0,0,0,0,0:55:00,0,0,,1,0,,0,0,0,0
1541,1,1540,54,50,2017/5/8 21:20,2017/5/8 23:25,70,0,0,0,0,-1.15277777778101,0,0,,1,0,,0,0,0,0
1384,0,-1,10,49,2017/5/7 19:45,2017/5/7 22:40,71,0,0,0,0,11:00:00,0,0,,1.5,0,,0,0,0,0
679,1,693,49,32,2017/5/8 9:40,2017/5/8 11:30,71,0,0,0,0,1:20:00,0,0,,1,0,,0,0,0,0
693,1,679,32,30,2017/5/8 12:50,2017/5/8 14:50,71,0,0,0,0,1:10:00,0,0,,1,0,,0,0,0,0
698,1,708,30,32,2017/5/8 16:00,2017/5/8 17:45,71,0,0,0,0,0:50:00,0,0,,1,0,,0,0,0,0
708,1,698,32,49,2017/5/8 18:35,2017/5/8 20:15,71,0,0,0,0,1:15:00,0,0,,1,0,,0,0,0,0
498,1,-1,49,25,2017/5/8 21:30,2017/5/9 0:20,71,0,0,0,0,-2.17013888889051,0,0,,1,0,,0,0,0,0
1906,1,-1,36,27,2017/5/6 20:15,2017/5/6 23:20,72,0,0,0,0,11:10:00,0,0,,1,0,,0,0,0,0
2208,1,2203,27,52,2017/5/7 10:30,2017/5/7 12:30,72,0,0,0,0,1:00:00,0,0,,1,0,,0,0,0,0
2203,1,2208,52,42,2017/5/7 13:30,2017/5/7 16:35,72,0,0,0,0,0:55:00,0,0,,1,0,,0,0,0,0
2211,1,2213,42,52,2017/5/7 17:30,2017/5/7 20:25,72,0,0,0,0,1:00:00,0,0,,1,0,,0,0,0,0
2213,1,2211,52,27,2017/5/7 21:25,2017/5/7 23:40,72,0,0,0,0,7:35:00,0,0,,1,0,,0,0,0,0
2229,1,-1,27,36,2017/5/8 7:15,2017/5/8 10:35,72,0,0,0,0,1:05:00,0,0,,1,0,,0,0,0,0
2232,1,-1,36,27,2017/5/8 11:40,2017/5/8 14:45,72,0,0,0,0,-0.836805555554747,0,0,,1,0,,0,0,0,0
1531,1,1519,77,60,2017/5/7 18:40,2017/5/7 20:40,73,0,0,0,0,0:50:00,0,0,,1,0,,0,0,0,0
1519,1,1531,60,52,2017/5/7 21:30,2017/5/7 23:25,73,0,0,0,0,11:10:00,0,0,,1,0,,0,0,0,0
1588,1,-1,52,36,2017/5/8 10:35,2017/5/8 13:05,73,0,0,0,0,1:05:00,0,0,,1,0,,0,0,0,0
1092,1,-1,36,50,2017/5/8 14:10,2017/5/8 15:40,73,0,0,0,0,0:45:00,0,0,,1,0,,0,0,0,0
29,1,-1,50,72,2017/5/8 16:25,2017/5/8 19:25,73,0,0,0,0,1:00:00,0,0,,1,0,,0,0,0,0
41,1,-1,72,50,2017/5/8 20:25,2017/5/8 23:10,73,0,0,0,0,-1.17708333333576,0,0,,1,0,,0,0,0,0
1613,1,-1,62,50,2017/5/7 18:55,2017/5/7 20:25,74,0,0,0,0,14:25:00,0,0,,1,0,,0,0,0,0
37,1,-1,50,67,2017/5/8 10:50,2017/5/8 13:20,74,0,0,0,0,1:10:00,0,0,,1,0,,0,0,0,0
52,1,-1,67,50,2017/5/8 14:30,2017/5/8 16:55,74,0,0,0,0,0:50:00,0,0,,1,0,,0,0,0,0
1760,1,-1,50,68,2017/5/8 17:45,2017/5/8 20:05,74,0,0,0,0,1:05:00,0,0,,1,0,,0,0,0,0
1768,1,-1,68,50,2017/5/8 21:10,2017/5/8 23:25,74,0,0,0,0,-1.18402777778101,0,0,,1,0,,0,0,0,0
222,1,-1,62,49,2017/5/7 19:00,2017/5/7 21:00,75,0,0,0,0,11:45:00,0,0,,1,0,,0,0,0,0
1411,0,-1,49,7,2017/5/8 8:45,2017/5/8 10:25,75,0,0,0,0,1:00:00,0,0,,1.5,0,,0,0,0,0
1424,0,-1,7,49,2017/5/8 11:25,2017/5/8 13:00,75,0,0,0,0,1:00:00,0,0,,1.5,0,,0,0,0,0
1230,1,-1,49,68,2017/5/8 14:00,2017/5/8 16:05,75,0,0,0,0,0:50:00,0,0,,1,0,,0,0,0,0
1262,1,-1,68,49,2017/5/8 16:55,2017/5/8 18:55,75,0,0,0,0,-0.944444444445253,0,0,,1,0,,0,0,0,0
1907,1,-1,36,27,2017/5/7 20:15,2017/5/7 23:20,76,0,0,0,0,8:05:00,0,0,,1,0,,0,0,0,0
629,1,641,27,49,2017/5/8 7:25,2017/5/8 10:15,76,0,0,0,0,1:00:00,0,0,,1,0,,0,0,0,0
641,1,629,49,41,2017/5/8 11:15,2017/5/8 13:05,76,0,0,0,0,0:50:00,0,0,,1,0,,0,0,0,0
604,1,621,41,49,2017/5/8 13:55,2017/5/8 15:45,76,0,0,0,0,1:00:00,0,0,,1,0,,0,0,0,0
621,1,604,49,27,2017/5/8 16:45,2017/5/8 19:40,76,0,0,0,0,-1.23611111110949,0,0,,1,0,,0,0,0,0
832,1,833,44,37,2017/5/7 14:00,2017/5/7 15:40,77,0,0,0,0,1:10:00,0,0,,1,0,,0,0,0,0
833,1,832,37,49,2017/5/7 16:50,2017/5/7 19:05,77,0,0,0,0,13:50:00,0,0,,1,0,,0,0,0,0
1815,1,-1,49,54,2017/5/8 8:55,2017/5/8 11:15,77,0,0,0,0,0:45:00,0,0,,1,0,,0,0,0,0
1818,1,-1,54,49,2017/5/8 12:00,2017/5/8 14:25,77,0,0,0,0,2:05:00,0,0,,1,0,,0,0,0,0
778,1,-1,49,46,2017/5/8 16:30,2017/5/8 19:15,77,0,0,0,0,1:00:00,0,0,,1,0,,0,0,0,0
802,1,-1,46,49,2017/5/8 20:15,2017/5/8 23:05,77,0,0,0,0,-1.25,0,0,,1,0,,0,0,0,0
958,1,964,45,38,2017/5/7 17:05,2017/5/7 19:10,78,0,0,0,0,1:00:00,0,0,,1,0,,0,0,0,0
964,1,958,38,50,2017/5/7 20:10,2017/5/7 21:40,78,0,0,0,0,13:20:00,0,0,,1,0,,0,0,0,0
1976,1,1987,50,27,2017/5/8 11:00,2017/5/8 13:40,78,0,0,0,0,1:00:00,0,0,,1,0,,0,0,0,0
1987,1,1976,27,76,2017/5/8 14:40,2017/5/8 16:20,78,0,0,0,0,0:50:00,0,0,,1,0,,0,0,0,0
1967,1,1974,76,27,2017/5/8 17:10,2017/5/8 18:50,78,0,0,0,0,1:10:00,0,0,,1,0,,0,0,0,0
1974,1,1967,27,50,2017/5/8 20:00,2017/5/8 22:45,78,0,0,0,0,-1.30555555555475,0,0,,1,0,,0,0,0,0
2020,1,2024,78,59,2017/5/7 15:25,2017/5/7 17:25,79,0,0,0,0,1:05:00,0,0,,1,0,,0,0,0,0
2024,1,2020,59,61,2017/5/7 18:30,2017/5/7 20:15,79,0,0,0,0,11:30:00,0,0,,1,0,,0,0,0,0
1782,1,1764,61,32,2017/5/8 7:45,2017/5/8 9:20,79,0,0,0,0,0:55:00,0,0,,1,0,,0,0,0,0
1764,1,1782,32,67,2017/5/8 10:15,2017/5/8 11:40,79,0,0,0,0,1:25:00,0,0,,1,0,,0,0,0,0
1767,1,1774,67,32,2017/5/8 13:05,2017/5/8 14:35,79,0,0,0,0,0:55:00,0,0,,1,0,,0,0,0,0
1774,1,1767,32,61,2017/5/8 15:30,2017/5/8 16:55,79,0,0,0,0,-1,0,0,,1,0,,0,0,0,0
1029,1,-1,62,36,2017/5/7 16:55,2017/5/7 19:35,80,0,0,0,0,1:00:00,0,0,,1,0,,0,0,0,0
988,1,-1,36,62,2017/5/7 20:35,2017/5/7 22:55,80,0,0,0,0,10:25:00,0,0,,1,0,,0,0,0,0
118,1,-1,62,49,2017/5/8 9:20,2017/5/8 11:15,80,0,0,0,0,1:15:00,0,0,,1,0,,0,0,0,0
176,1,-1,49,62,2017/5/8 12:30,2017/5/8 14:15,80,0,0,0,0,1:05:00,0,0,,1,0,,0,0,0,0
272,1,-1,62,49,2017/5/8 15:20,2017/5/8 17:10,80,0,0,0,0,1:00:00,0,0,,1,0,,0,0,0,0
1150,1,-1,49,34,2017/5/8 18:10,2017/5/8 20:20,80,0,0,0,0,0:45:00,0,0,,1,0,,0,0,0,0
1101,1,-1,34,49,2017/5/8 21:05,2017/5/8 23:00,80,0,0,0,0,-1.39583333333576,0,0,,1,0,,0,0,0,0
1939,1,1950,77,26,2017/5/7 13:30,2017/5/7 15:45,81,0,0,0,0,1:15:00,0,0,,1,0,,0,0,0,0
1950,1,1939,26,67,2017/5/7 17:00,2017/5/7 19:20,81,0,0,0,0,1:35:00,0,0,,1,0,,0,0,0,0
1846,1,-1,67,61,2017/5/7 20:55,2017/5/7 23:20,81,0,0,0,0,7:50:00,0,0,,1,0,,0,0,0,0
2086,1,2090,61,38,2017/5/8 7:10,2017/5/8 8:45,81,0,0,0,0,1:00:00,0,0,,1,0,,0,0,0,0
2090,1,2086,38,30,2017/5/8 9:45,2017/5/8 11:20,81,0,0,0,0,0:55:00,0,0,,1,0,,0,0,0,0
2094,1,2098,30,38,2017/5/8 12:15,2017/5/8 13:45,81,0,0,0,0,1:00:00,0,0,,1,0,,0,0,0,0
2098,1,2094,38,61,2017/5/8 14:45,2017/5/8 16:15,81,0,0,0,0,3:15:00,0,0,,1,0,,0,0,0,0
1787,1,-1,61,62,2017/5/8 19:30,2017/5/8 21:00,81,0,0,0,0,1:00:00,0,0,,1,0,,0,0,0,0
1798,1,-1,62,61,2017/5/8 22:00,2017/5/8 23:40,81,0,0,0,0,-1.69097222221899,0,0,,1,0,,0,0,0,0
2238,1,-1,27,31,2017/5/7 7:05,2017/5/7 10:10,82,0,0,0,0,1:05:00,0,0,,1,0,,0,0,0,0
2218,1,-1,31,27,2017/5/7 11:15,2017/5/7 14:25,82,0,0,0,0,3:20:00,0,0,,1,0,,0,0,0,0
1864,1,-1,27,36,2017/5/7 17:45,2017/5/7 21:05,82,0,0,0,0,1:00:00,0,0,,1,0,,0,0,0,0
1578,1,-1,36,52,2017/5/7 22:05,2017/5/8 0:10,82,0,0,0,0,7:50:00,0,0,,1,0,,0,0,0,0
1524,1,1528,52,60,2017/5/8 8:00,2017/5/8 9:50,82,0,0,0,0,0:50:00,0,0,,1,0,,0,0,0,0
1528,1,1524,60,77,2017/5/8 10:40,2017/5/8 12:40,82,0,0,0,0,1:10:00,0,0,,1,0,,0,0,0,0
2038,1,2041,77,65,2017/5/8 13:50,2017/5/8 15:55,82,0,0,0,0,0:45:00,0,0,,1,0,,0,0,0,0
2041,1,2038,65,49,2017/5/8 16:40,2017/5/8 19:20,82,0,0,0,0,1:10:00,0,0,,1,0,,0,0,0,0
157,1,-1,49,72,2017/5/8 20:30,2017/5/8 23:30,82,0,0,0,0,-1.30555555555475,0,0,,1,0,,0,0,0,0
2249,1,-1,52,44,2017/5/7 16:10,2017/5/7 19:05,83,0,0,0,0,0:45:00,0,0,,1,0,,0,0,0,0
2258,1,-1,44,52,2017/5/7 19:50,2017/5/7 22:25,83,0,0,0,0,10:00:00,0,0,,1,0,,0,0,0,0
2190,1,-1,52,67,2017/5/8 8:25,2017/5/8 10:50,83,0,0,0,0,1:10:00,0,0,,1,0,,0,0,0,0
2194,1,-1,67,52,2017/5/8 12:00,2017/5/8 14:20,83,0,0,0,0,1:45:00,0,0,,1,0,,0,0,0,0
1643,1,-1,52,67,2017/5/8 16:05,2017/5/8 18:30,83,0,0,0,0,1:00:00,0,0,,1,0,,0,0,0,0
1625,1,-1,67,52,2017/5/8 19:30,2017/5/8 21:50,83,0,0,0,0,-1.20486111110949,0,0,,1,0,,0,0,0,0
1064,0,-1,16,49,2017/5/7 16:55,2017/5/7 20:15,84,0,0,0,0,1:15:00,0,0,,1.5,0,,0,0,0,0
497,1,-1,49,25,2017/5/7 21:30,2017/5/8 0:20,84,0,0,0,0,6:30:00,0,0,,1,0,,0,0,0,0
696,1,667,25,66,2017/5/8 6:50,2017/5/8 9:25,84,0,0,0,0,1:10:00,0,0,,1,0,,0,0,0,0
667,1,696,66,49,2017/5/8 10:35,2017/5/8 12:10,84,0,0,0,0,1:00:00,0,0,,1,0,,0,0,0,0
478,1,455,49,52,2017/5/8 13:10,2017/5/8 14:40,84,0,0,0,0,1:00:00,0,0,,1,0,,0,0,0,0
455,1,478,52,79,2017/5/8 15:40,2017/5/8 18:20,84,0,0,0,0,0:55:00,0,0,,1,0,,0,0,0,0
433,1,405,79,57,2017/5/8 19:15,2017/5/8 21:30,84,0,0,0,0,1:00:00,0,0,,1,0,,0,0,0,0
405,1,433,57,50,2017/5/8 22:30,2017/5/8 23:50,84,0,0,0,0,-1.49305555555475,0,0,,1,0,,0,0,0,0
1397,0,-1,7,32,2017/5/7 12:00,2017/5/7 14:30,85,0,0,0,0,2:00:00,0,0,,1.5,0,,0,0,0,0
1436,0,-1,32,7,2017/5/7 16:30,2017/5/7 19:00,85,0,0,0,0,1:00:00,0,0,,1.5,0,,0,0,0,0
1339,0,-1,7,61,2017/5/7 20:00,2017/5/7 21:40,85,0,0,0,0,9:30:00,0,0,,1.5,0,,0,0,0,0
1596,1,-1,61,66,2017/5/8 7:10,2017/5/8 8:35,85,0,0,0,0,0:50:00,0,0,,1,0,,0,0,0,0
1608,1,-1,66,61,2017/5/8 9:25,2017/5/8 11:00,85,0,0,0,0,1:30:00,0,0,,1,0,,0,0,0,0
1814,1,-1,61,62,2017/5/8 12:30,2017/5/8 14:10,85,0,0,0,0,1:05:00,0,0,,1,0,,0,0,0,0
1820,1,-1,62,61,2017/5/8 15:15,2017/5/8 16:55,85,0,0,0,0,3:10:00,0,0,,1,0,,0,0,0,0
1840,1,-1,61,67,2017/5/8 20:05,2017/5/8 22:45,85,0,0,0,0,-1.22916666666424,0,0,,1,0,,0,0,0,0
555,1,-1,25,61,2017/5/7 17:15,2017/5/7 20:15,86,0,0,0,0,1:15:00,0,0,,1,0,,0,0,0,0
2077,1,-1,61,25,2017/5/7 21:30,2017/5/8 0:15,86,0,0,0,0,6:30:00,0,0,,1,0,,0,0,0,0
522,1,-1,25,49,2017/5/8 6:45,2017/5/8 9:55,86,0,0,0,0,1:10:00,0,0,,1,0,,0,0,0,0
865,1,829,49,38,2017/5/8 11:05,2017/5/8 12:45,86,0,0,0,0,1:10:00,0,0,,1,0,,0,0,0,0
829,1,865,38,43,2017/5/8 13:55,2017/5/8 16:05,86,0,0,0,0,0:55:00,0,0,,1,0,,0,0,0,0
902,1,917,43,38,2017/5/8 17:00,2017/5/8 19:00,86,0,0,0,0,1:00:00,0,0,,1,0,,0,0,0,0
917,1,902,38,49,2017/5/8 20:00,2017/5/8 21:35,86,0,0,0,0,-1.18402777777374,0,0,,1,0,,0,0,0,0
1451,0,-1,11,61,2017/5/7 17:10,2017/5/7 19:30,87,0,0,0,0,13:00:00,0,0,,1.5,0,,0,0,0,0
750,0,-1,61,11,2017/5/8 8:30,2017/5/8 11:00,87,0,0,0,0,0:55:00,0,0,,1.5,0,,0,0,0,0
809,0,-1,11,61,2017/5/8 11:55,2017/5/8 14:25,87,0,0,0,0,2:55:00,0,0,,1.5,0,,0,0,0,0
1647,1,-1,61,72,2017/5/8 17:20,2017/5/8 20:10,87,0,0,0,0,1:00:00,0,0,,1,0,,0,0,0,0
1678,1,-1,72,61,2017/5/8 21:10,2017/5/8 23:55,87,0,0,0,0,-1.28819444444525,0,0,,1,0,,0,0,0,0
2350,1,-1,52,35,2017/5/7 17:00,2017/5/7 19:10,88,0,0,0,0,0:45:00,0,0,,1,0,,0,0,0,0
2351,1,-1,35,52,2017/5/7 19:55,2017/5/7 21:55,88,0,0,0,0,9:20:00,0,0,,1,0,,0,0,0,0
2146,1,2126,52,38,2017/5/8 7:15,2017/5/8 8:50,88,0,0,0,0,1:00:00,0,0,,1,0,,0,0,0,0
2126,1,2146,38,43,2017/5/8 9:50,2017/5/8 11:55,88,0,0,0,0,0:45:00,0,0,,1,0,,0,0,0,0
2136,1,2153,43,38,2017/5/8 12:40,2017/5/8 14:45,88,0,0,0,0,1:00:00,0,0,,1,0,,0,0,0,0
2153,1,2136,38,52,2017/5/8 15:45,2017/5/8 17:00,88,0,0,0,0,1:10:00,0,0,,1,0,,0,0,0,0
2138,1,-1,52,30,2017/5/8 18:10,2017/5/8 20:20,88,0,0,0,0,0:50:00,0,0,,1,0,,0,0,0,0
2132,1,-1,30,52,2017/5/8 21:10,2017/5/8 23:15,88,0,0,0,0,-0.652777777781012,0,0,,1,0,,0,0,0,0
2080,1,2068,27,38,2017/5/8 7:35,2017/5/8 9:35,89,0,0,0,0,1:00:00,0,0,,1,0,,0,0,0,0
2068,1,2080,38,61,2017/5/8 10:35,2017/5/8 12:10,89,0,0,0,0,1:05:00,0,0,,1,0,,0,0,0,0
595,1,-1,61,25,2017/5/8 13:15,2017/5/8 16:15,89,0,0,0,0,1:00:00,0,0,,1,0,,0,0,0,0
562,1,-1,25,61,2017/5/8 17:15,2017/5/8 20:15,89,0,0,0,0,-0.822916666664241,0,0,,1,0,,0,0,0,0
1419,0,-1,18,49,2017/5/8 0:30,2017/5/8 6:10,90,0,0,0,0,1:05:00,0,0,,1.5,0,,0,0,0,0
45,1,65,49,32,2017/5/8 7:15,2017/5/8 8:50,90,0,0,0,0,1:20:00,0,0,,1,0,,0,0,0,0
65,1,45,32,71,2017/5/8 10:10,2017/5/8 11:45,90,0,0,0,0,0:45:00,0,0,,1,0,,0,0,0,0
31,1,32,71,32,2017/5/8 12:30,2017/5/8 14:15,90,0,0,0,0,1:00:00,0,0,,1,0,,0,0,0,0
32,1,31,32,49,2017/5/8 15:15,2017/5/8 16:40,90,0,0,0,0,1:10:00,0,0,,1,0,,0,0,0,0
807,0,-1,49,11,2017/5/8 17:50,2017/5/8 20:20,90,0,0,0,0,1:00:00,0,0,,1.5,0,,0,0,0,0
758,0,-1,11,49,2017/5/8 21:20,2017/5/8 23:35,90,0,0,0,0,-0.649305555554747,0,0,,1.5,0,,0,0,0,0
1378,0,1498,21,50,2017/5/8 8:00,2017/5/8 12:40,91,0,0,0,0,1:25:00,0,0,,1.5,0,,0,0,0,0
1498,0,1378,50,60,2017/5/8 14:05,2017/5/8 16:10,91,0,0,0,0,1:00:00,0,0,,1.5,0,,0,0,0,0
1791,1,1795,60,52,2017/5/8 17:10,2017/5/8 18:55,91,0,0,0,0,1:15:00,0,0,,1,0,,0,0,0,0
1795,1,1791,52,61,2017/5/8 20:10,2017/5/8 21:30,91,0,0,0,0,-1.01736111111677,0,0,,1,0,,0,0,0,0
1100,1,-1,34,49,2017/5/7 21:05,2017/5/7 23:00,92,0,0,0,0,8:00:00,0,0,,1,0,,0,0,0,0
149,1,-1,49,62,2017/5/8 7:00,2017/5/8 8:50,92,0,0,0,0,1:05:00,0,0,,1,0,,0,0,0,0
1177,1,-1,62,36,2017/5/8 9:55,2017/5/8 12:35,92,0,0,0,0,1:00:00,0,0,,1,0,,0,0,0,0
1189,1,-1,36,62,2017/5/8 13:35,2017/5/8 16:05,92,0,0,0,0,1:05:00,0,0,,1,0,,0,0,0,0
1289,1,-1,62,50,2017/5/8 17:10,2017/5/8 18:50,92,0,0,0,0,-0.395833333328483,0,0,,1,0,,0,0,0,0
107,0,109,21,49,2017/5/8 9:20,2017/5/8 14:00,93,0,0,0,0,1:10:00,0,0,,1.5,0,,0,0,0,0
109,0,107,49,37,2017/5/8 15:10,2017/5/8 17:30,93,0,0,0,0,-0.989583333328483,0,0,,1.5,0,,0,0,0,0
1284,1,-1,57,49,2017/5/7 17:45,2017/5/7 19:35,94,0,0,0,0,11:50:00,0,0,,1,0,,0,0,0,0
439,1,494,49,56,2017/5/8 7:25,2017/5/8 8:50,94,0,0,0,0,0:45:00,0,0,,1,0,,0,0,0,0
494,1,439,56,76,2017/5/8 9:35,2017/5/8 12:15,94,0,0,0,0,1:00:00,0,0,,1,0,,0,0,0,0
456,1,462,76,56,2017/5/8 13:15,2017/5/8 16:00,94,0,0,0,0,0:45:00,0,0,,1,0,,0,0,0,0
462,1,456,56,49,2017/5/8 16:45,2017/5/8 18:10,94,0,0,0,0,1:45:00,0,0,,1,0,,0,0,0,0
332,0,-1,49,17,2017/5/8 19:55,2017/5/8 23:00,94,0,0,0,0,-1.20833333333576,0,0,,1.5,0,,0,0,0,0
1534,1,1539,77,54,2017/5/7 18:00,2017/5/7 20:25,95,0,0,0,0,0:55:00,0,0,,1,0,,0,0,0,0
1539,1,1534,54,50,2017/5/7 21:20,2017/5/7 23:25,95,0,0,0,0,10:35:00,0,0,,1,0,,0,0,0,0
1313,0,-1,50,22,2017/5/8 10:00,2017/5/8 14:45,95,0,0,0,0,0:55:00,0,0,,1.5,0,,0,0,0,0
197,0,208,22,49,2017/5/8 15:40,2017/5/8 19:55,95,0,0,0,0,1:15:00,0,0,,1.5,0,,0,0,0,0
208,0,197,49,37,2017/5/8 21:10,2017/5/8 23:20,95,0,0,0,0,-1.08680555555475,0,0,,1.5,0,,0,0,0,0
884,1,-1,46,50,2017/5/7 21:15,2017/5/8 0:05,96,0,0,0,0,7:15:00,0,0,,1,0,,0,0,0,0
923,1,920,50,38,2017/5/8 7:20,2017/5/8 8:55,96,0,0,0,0,1:00:00,0,0,,1,0,,0,0,0,0
920,1,923,38,44,2017/5/8 9:55,2017/5/8 12:10,96,0,0,0,0,1:00:00,0,0,,1,0,,0,0,0,0
889,1,894,44,38,2017/5/8 13:10,2017/5/8 15:20,96,0,0,0,0,1:00:00,0,0,,1,0,,0,0,0,0
894,1,889,38,50,2017/5/8 16:20,2017/5/8 17:50,96,0,0,0,0,0:50:00,0,0,,1,0,,0,0,0,0
145,1,151,50,38,2017/5/8 18:40,2017/5/8 20:15,96,0,0,0,0,1:00:00,0,0,,1,0,,0,0,0,0
151,1,145,38,67,2017/5/8 21:15,2017/5/8 22:50,96,0,0,0,0,-1.64930555555475,0,0,,1,0,,0,0,0,0
2228,1,-1,27,36,2017/5/7 7:15,2017/5/7 10:35,97,0,0,0,0,1:05:00,0,0,,1,0,,0,0,0,0
2231,1,-1,36,27,2017/5/7 11:40,2017/5/7 14:45,97,0,0,0,0,2:55:00,0,0,,1,0,,0,0,0,0
2172,1,-1,27,46,2017/5/7 17:40,2017/5/7 19:40,97,0,0,0,0,1:25:00,0,0,,1,0,,0,0,0,0
1861,1,-1,46,27,2017/5/7 21:05,2017/5/7 23:00,97,0,0,0,0,11:05:00,0,0,,1,0,,0,0,0,0
1323,0,1331,27,49,2017/5/8 10:05,2017/5/8 13:00,97,0,0,0,0,1:00:00,0,0,,1.5,0,,0,0,0,0
1331,0,1323,49,15,2017/5/8 14:00,2017/5/8 15:20,97,0,0,0,0,0:55:00,0,0,,1.5,0,,0,0,0,0
1382,0,1345,15,52,2017/5/8 16:15,2017/5/8 18:25,97,0,0,0,0,1:00:00,0,0,,1.5,0,,0,0,0,0
1345,0,1382,52,78,2017/5/8 19:25,2017/5/8 21:30,97,0,0,0,0,-1.17013888889051,0,0,,1.5,0,,0,0,0,0
1146,1,-1,31,50,2017/5/7 17:25,2017/5/7 19:10,98,0,0,0,0,16:35:00,0,0,,1,0,,0,0,0,0
609,1,618,50,32,2017/5/8 11:45,2017/5/8 13:15,98,0,0,0,0,1:00:00,0,0,,1,0,,0,0,0,0
618,1,609,32,30,2017/5/8 14:15,2017/5/8 16:15,98,0,0,0,0,0:50:00,0,0,,1,0,,0,0,0,0
638,1,642,30,32,2017/5/8 17:05,2017/5/8 18:50,98,0,0,0,0,1:00:00,0,0,,1,0,,0,0,0,0
642,1,638,32,50,2017/5/8 19:50,2017/5/8 21:20,98,0,0,0,0,-1.03819444444525,0,0,,1,0,,0,0,0,0
33,1,-1,72,50,2017/5/7 20:25,2017/5/7 23:10,99,0,0,0,0,8:40:00,0,0,,1,0,,0,0,0,0
409,1,417,50,57,2017/5/8 7:50,2017/5/8 9:15,99,0,0,0,0,1:00:00,0,0,,1,0,,0,0,0,0
417,1,409,57,76,2017/5/8 10:15,2017/5/8 12:35,99,0,0,0,0,0:45:00,0,0,,1,0,,0,0,0,0
426,1,429,76,57,2017/5/8 13:20,2017/5/8 15:55,99,0,0,0,0,1:00:00,0,0,,1,0,,0,0,0,0
429,1,426,57,50,2017/5/8 16:55,2017/5/8 18:20,99,0,0,0,0,-1.17361111110949,0,0,,1,0,,0,0,0,0
1225,0,1234,46,52,2017/5/7 14:10,2017/5/7 16:35,100,0,0,0,0,1:25:00,0,0,,1.5,0,,0,0,0,0
1234,0,1225,52,22,2017/5/7 18:00,2017/5/7 23:00,100,0,0,0,0,10:20:00,0,0,,1.5,0,,0,0,0,0
1240,0,1213,22,52,2017/5/8 9:20,2017/5/8 14:10,100,0,0,0,0,1:00:00,0,0,,1.5,0,,0,0,0,0
1213,0,1240,52,46,2017/5/8 15:10,2017/5/8 17:30,100,0,0,0,0,2:05:00,0,0,,1.5,0,,0,0,0,0
2280,1,2281,46,57,2017/5/8 19:35,2017/5/8 21:25,100,0,0,0,0,1:00:00,0,0,,1,0,,0,0,0,0
2281,1,2280,57,61,2017/5/8 22:25,2017/5/8 23:55,100,0,0,0,0,-1.32291666667152,0,0,,1,0,,0,0,0,0
937,1,940,44,57,2017/5/7 16:10,2017/5/7 18:30,101,0,0,0,0,1:00:00,0,0,,1,0,,0,0,0,0
940,1,937,57,50,2017/5/7 19:30,2017/5/7 20:55,101,0,0,0,0,11:15:00,0,0,,1,0,,0,0,0,0
1121,1,-1,50,42,2017/5/8 8:10,2017/5/8 10:30,101,0,0,0,0,1:10:00,0,0,,1,0,,0,0,0,0
1140,1,-1,42,50,2017/5/8 11:40,2017/5/8 14:00,101,0,0,0,0,0:55:00,0,0,,1,0,,0,0,0,0
1137,1,-1,50,31,2017/5/8 14:55,2017/5/8 16:25,101,0,0,0,0,1:00:00,0,0,,1,0,,0,0,0,0
1105,1,-1,31,50,2017/5/8 17:25,2017/5/8 19:10,101,0,0,0,0,-1.07638888889051,0,0,,1,0,,0,0,0,0
188,1,-1,62,49,2017/5/7 17:20,2017/5/7 19:10,102,0,0,0,0,1:50:00,0,0,,1,0,,0,0,0,0
2340,0,-1,49,11,2017/5/7 21:00,2017/5/7 23:30,102,0,0,0,0,7:00:00,0,0,,1.5,0,,0,0,0,0
2345,0,-1,11,49,2017/5/8 6:30,2017/5/8 8:55,102,0,0,0,0,1:05:00,0,0,,1.5,0,,0,0,0,0
328,0,-1,49,14,2017/5/8 10:00,2017/5/8 11:20,102,0,0,0,0,1:00:00,0,0,,1.5,0,,0,0,0,0
288,0,-1,14,49,2017/5/8 12:20,2017/5/8 13:40,102,0,0,0,0,1:20:00,0,0,,1.5,0,,0,0,0,0
244,1,-1,49,57,2017/5/8 15:00,2017/5/8 16:45,102,0,0,0,0,1:00:00,0,0,,1,0,,0,0,0,0
1285,1,-1,57,49,2017/5/8 17:45,2017/5/8 19:35,102,0,0,0,0,1:25:00,0,0,,1,0,,0,0,0,0
2341,0,-1,49,11,2017/5/8 21:00,2017/5/8 23:30,102,0,0,0,0,-0.614583333328483,0,0,,1.5,0,,0,0,0,0
384,1,390,78,60,2017/5/8 8:45,2017/5/8 9:55,103,0,0,0,0,0:55:00,0,0,,1,0,,0,0,0,0
390,1,384,60,49,2017/5/8 10:50,2017/5/8 13:20,103,0,0,0,0,1:00:00,0,0,,1,0,,0,0,0,0
2216,1,-1,49,35,2017/5/8 14:20,2017/5/8 15:55,103,0,0,0,0,0:45:00,0,0,,1,0,,0,0,0,0
2200,1,-1,35,49,2017/5/8 16:40,2017/5/8 18:00,103,0,0,0,0,1:05:00,0,0,,1,0,,0,0,0,0
1037,1,-1,49,31,2017/5/8 19:05,2017/5/8 20:30,103,0,0,0,0,1:30:00,0,0,,1,0,,0,0,0,0
998,1,-1,31,49,2017/5/8 22:00,2017/5/8 23:20,103,0,0,0,0,-1.25347222221899,0,0,,1,0,,0,0,0,0
2323,1,2328,75,32,2017/5/7 17:15,2017/5/7 21:25,104,0,0,0,0,1:00:00,0,0,,1,0,,0,0,0,0
2328,1,2323,32,50,2017/5/7 22:25,2017/5/7 23:50,104,0,0,0,0,8:15:00,0,0,,1,0,,0,0,0,0
393,1,340,50,54,2017/5/8 8:05,2017/5/8 10:20,104,0,0,0,0,0:45:00,0,0,,1,0,,0,0,0,0
340,1,393,54,78,2017/5/8 11:05,2017/5/8 12:10,104,0,0,0,0,1:00:00,0,0,,1,0,,0,0,0,0
366,1,372,78,54,2017/5/8 13:10,2017/5/8 14:20,104,0,0,0,0,0:45:00,0,0,,1,0,,0,0,0,0
372,1,366,54,50,2017/5/8 15:05,2017/5/8 17:15,104,0,0,0,0,-1,0,0,,1,0,,0,0,0,0
1325,0,-1,22,50,2017/5/7 17:15,2017/5/7 21:50,105,0,0,0,0,11:15:00,0,0,,1.5,0,,0,0,0,0
2327,1,2334,50,32,2017/5/8 9:05,2017/5/8 10:30,105,0,0,0,0,1:00:00,0,0,,1,0,,0,0,0,0
2334,1,2327,32,75,2017/5/8 11:30,2017/5/8 16:05,105,0,0,0,0,1:10:00,0,0,,1,0,,0,0,0,0
2329,1,2330,75,32,2017/5/8 17:15,2017/5/8 21:25,105,0,0,0,0,1:00:00,0,0,,1,0,,0,0,0,0
2330,1,2329,32,50,2017/5/8 22:25,2017/5/8 23:50,105,0,0,0,0,-0.725694444445253,0,0,,1,0,,0,0,0,0
2082,1,-1,25,61,2017/5/8 6:25,2017/5/8 9:20,106,0,0,0,0,1:10:00,0,0,,1,0,,0,0,0,0
1803,1,1807,61,52,2017/5/8 10:30,2017/5/8 11:55,106,0,0,0,0,1:15:00,0,0,,1,0,,0,0,0,0
1807,1,1803,52,60,2017/5/8 13:10,2017/5/8 15:05,106,0,0,0,0,1:00:00,0,0,,1,0,,0,0,0,0
1502,0,1356,60,50,2017/5/8 16:05,2017/5/8 18:10,106,0,0,0,0,1:05:00,0,0,,1.5,0,,0,0,0,0
1356,0,1502,50,21,2017/5/8 19:15,2017/5/8 23:30,106,0,0,0,0,-0.548611111109494,0,0,,1.5,0,,0,0,0,0
924,1,925,75,37,2017/5/8 10:20,2017/5/8 14:00,107,0,0,0,0,1:15:00,0,0,,1,0,,0,0,0,0
925,1,924,37,50,2017/5/8 15:15,2017/5/8 17:15,107,0,0,0,0,0:50:00,0,0,,1,0,,0,0,0,0
996,1,-1,50,31,2017/5/8 18:05,2017/5/8 19:40,107,0,0,0,0,1:05:00,0,0,,1,0,,0,0,0,0
1010,1,-1,31,50,2017/5/8 20:45,2017/5/8 22:35,107,0,0,0,0,-1.28819444443798,0,0,,1,0,,0,0,0,0
196,0,207,22,49,2017/5/7 15:40,2017/5/7 20:10,108,0,0,0,0,1:00:00,0,0,,1.5,0,,0,0,0,0
207,0,196,49,37,2017/5/7 21:10,2017/5/7 23:20,108,0,0,0,0,9:15:00,0,0,,1.5,0,,0,0,0,0
213,0,172,37,49,2017/5/8 8:35,2017/5/8 10:40,108,0,0,0,0,1:05:00,0,0,,1.5,0,,0,0,0,0
172,0,213,49,22,2017/5/8 11:45,2017/5/8 16:10,108,0,0,0,0,1:05:00,0,0,,1.5,0,,0,0,0,0
1327,0,-1,22,50,2017/5/8 17:15,2017/5/8 21:50,108,0,0,0,0,-1.07986111110949,0,0,,1.5,0,,0,0,0,0
331,0,-1,49,17,2017/5/7 19:55,2017/5/7 23:00,109,0,0,0,0,10:00:00,0,0,,1.5,0,,0,0,0,0
292,0,-1,17,49,2017/5/8 9:00,2017/5/8 11:55,109,0,0,0,0,1:10:00,0,0,,1.5,0,,0,0,0,0
2159,1,2162,49,73,2017/5/8 13:05,2017/5/8 15:20,109,0,0,0,0,0:50:00,0,0,,1,0,,0,0,0,0
2162,1,2159,73,46,2017/5/8 16:10,2017/5/8 17:20,109,0,0,0,0,1:15:00,0,0,,1,0,,0,0,0,0
2170,1,2161,46,73,2017/5/8 18:35,2017/5/8 19:45,109,0,0,0,0,0:45:00,0,0,,1,0,,0,0,0,0
2161,1,2170,73,49,2017/5/8 20:30,2017/5/8 22:35,109,0,0,0,0,-1.22569444443798,0,0,,1,0,,0,0,0,0
1796,1,1799,60,52,2017/5/7 17:10,2017/5/7 18:55,110,0,0,0,0,1:15:00,0,0,,1,0,,0,0,0,0
1799,1,1796,52,61,2017/5/7 20:10,2017/5/7 21:30,110,0,0,0,0,9:30:00,0,0,,1,0,,0,0,0,0
1601,1,-1,61,66,2017/5/8 7:00,2017/5/8 8:25,110,0,0,0,0,0:45:00,0,0,,1,0,,0,0,0,0
1611,1,-1,66,61,2017/5/8 9:10,2017/5/8 10:45,110,0,0,0,0,0:45:00,0,0,,1,0,,0,0,0,0
1492,0,-1,61,12,2017/5/8 11:30,2017/5/8 14:15,110,0,0,0,0,1:00:00,0,0,,1.5,0,,0,0,0,0
1493,0,-1,12,61,2017/5/8 15:15,2017/5/8 18:00,110,0,0,0,0,-0.982638888890506,0,0,,1.5,0,,0,0,0,0
1505,0,-1,9,50,2017/5/7 18:25,2017/5/7 21:25,111,0,0,0,0,10:35:00,0,0,,1.5,0,,0,0,0,0
1269,1,-1,50,62,2017/5/8 8:00,2017/5/8 9:25,111,0,0,0,0,1:05:00,0,0,,1,0,,0,0,0,0
1281,1,-1,62,50,2017/5/8 10:30,2017/5/8 11:55,111,0,0,0,0,0:50:00,0,0,,1,0,,0,0,0,0
413,1,422,50,57,2017/5/8 12:45,2017/5/8 14:10,111,0,0,0,0,1:00:00,0,0,,1,0,,0,0,0,0
422,1,413,57,79,2017/5/8 15:10,2017/5/8 17:30,111,0,0,0,0,0:45:00,0,0,,1,0,,0,0,0,0
552,1,505,79,52,2017/5/8 18:15,2017/5/8 21:05,111,0,0,0,0,1:05:00,0,0,,1,0,,0,0,0,0
505,1,552,52,49,2017/5/8 22:10,2017/5/8 23:40,111,0,0,0,0,-1.1875,0,0,,1,0,,0,0,0,0
2299,1,2271,44,32,2017/5/7 19:10,2017/5/7 21:25,112,0,0,0,0,0:50:00,0,0,,1,0,,0,0,0,0
2271,1,2299,32,61,2017/5/7 22:15,2017/5/7 23:50,112,0,0,0,0,8:20:00,0,0,,1,0,,0,0,0,0
2279,1,2275,61,57,2017/5/8 8:10,2017/5/8 9:45,112,0,0,0,0,1:00:00,0,0,,1,0,,0,0,0,0
2275,1,2279,57,46,2017/5/8 10:45,2017/5/8 12:40,112,0,0,0,0,1:30:00,0,0,,1,0,,0,0,0,0
1226,0,1235,46,52,2017/5/8 14:10,2017/5/8 16:35,112,0,0,0,0,1:25:00,0,0,,1.5,0,,0,0,0,0
1235,0,1226,52,22,2017/5/8 18:00,2017/5/8 23:00,112,0,0,0,0,-1.14236111111677,0,0,,1.5,0,,0,0,0,0
2283,1,2288,46,57,2017/5/7 19:35,2017/5/7 21:25,113,0,0,0,0,1:00:00,0,0,,1,0,,0,0,0,0
2288,1,2283,57,61,2017/5/7 22:25,2017/5/7 23:55,113,0,0,0,0,9:45:00,0,0,,1,0,,0,0,0,0
2031,1,2013,61,59,2017/5/8 9:40,2017/5/8 11:20,113,0,0,0,0,1:05:00,0,0,,1,0,,0,0,0,0
2013,1,2031,59,78,2017/5/8 12:25,2017/5/8 14:35,113,0,0,0,0,0:50:00,0,0,,1,0,,0,0,0,0
2014,1,2017,78,59,2017/5/8 15:25,2017/5/8 17:25,113,0,0,0,0,1:05:00,0,0,,1,0,,0,0,0,0
2017,1,2014,59,61,2017/5/8 18:30,2017/5/8 20:15,113,0,0,0,0,-0.96875,0,0,,1,0,,0,0,0,0
716,1,-1,50,25,2017/5/7 21:00,2017/5/8 0:05,114,0,0,0,0,6:35:00,0,0,,1,0,,0,0,0,0
729,1,-1,25,50,2017/5/8 6:40,2017/5/8 9:40,114,0,0,0,0,0:50:00,0,0,,1,0,,0,0,0,0
957,1,969,50,57,2017/5/8 10:30,2017/5/8 11:55,114,0,0,0,0,1:00:00,0,0,,1,0,,0,0,0,0
969,1,957,57,44,2017/5/8 12:55,2017/5/8 15:25,114,0,0,0,0,0:45:00,0,0,,1,0,,0,0,0,0
939,1,1022,44,57,2017/5/8 16:10,2017/5/8 18:30,114,0,0,0,0,1:00:00,0,0,,1,0,,0,0,0,0
1022,1,939,57,50,2017/5/8 19:30,2017/5/8 21:00,114,0,0,0,0,-1.09375,0,0,,1,0,,0,0,0,0
1555,1,1556,78,58,2017/5/7 18:45,2017/5/7 20:35,115,0,0,0,0,0:45:00,0,0,,1,0,,0,0,0,0
1556,1,1555,58,49,2017/5/7 21:20,2017/5/7 22:55,115,0,0,0,0,9:55:00,0,0,,1,0,,0,0,0,0
574,1,-1,49,27,2017/5/8 8:50,2017/5/8 11:40,115,0,0,0,0,2:25:00,0,0,,1,0,,0,0,0,0
1334,0,1335,27,49,2017/5/8 14:05,2017/5/8 16:55,115,0,0,0,0,1:00:00,0,0,,1.5,0,,0,0,0,0
1335,0,1334,49,20,2017/5/8 17:55,2017/5/8 23:00,115,0,0,0,0,-1.07638888889051,0,0,,1.5,0,,0,0,0,0
1679,1,-1,72,61,2017/5/7 21:10,2017/5/7 23:55,116,0,0,0,0,9:55:00,0,0,,1,0,,0,0,0,0
296,0,-1,61,14,2017/5/8 9:50,2017/5/8 11:15,116,0,0,0,0,1:00:00,0,0,,1.5,0,,0,0,0,0
309,0,-1,14,61,2017/5/8 12:15,2017/5/8 13:40,116,0,0,0,0,1:20:00,0,0,,1.5,0,,0,0,0,0
1462,0,-1,61,15,2017/5/8 15:00,2017/5/8 16:35,116,0,0,0,0,1:05:00,0,0,,1.5,0,,0,0,0,0
1456,0,-1,15,61,2017/5/8 17:40,2017/5/8 19:05,116,0,0,0,0,-1.03472222222626,0,0,,1.5,0,,0,0,0,0
513,1,514,79,52,2017/5/7 18:15,2017/5/7 21:05,117,0,0,0,0,1:05:00,0,0,,1,0,,0,0,0,0
514,1,513,52,49,2017/5/7 22:10,2017/5/7 23:40,117,0,0,0,0,11:30:00,0,0,,1,0,,0,0,0,0
1165,1,-1,49,34,2017/5/8 11:10,2017/5/8 13:15,117,0,0,0,0,0:45:00,0,0,,1,0,,0,0,0,0
1181,1,-1,34,49,2017/5/8 14:00,2017/5/8 16:00,117,0,0,0,0,1:35:00,0,0,,1,0,,0,0,0,0
657,1,675,49,66,2017/5/8 17:35,2017/5/8 19:00,117,0,0,0,0,1:00:00,0,0,,1,0,,0,0,0,0
675,1,657,66,25,2017/5/8 20:00,2017/5/8 22:25,117,0,0,0,0,-1.25694444444525,0,0,,1,0,,0,0,0,0
1381,0,1392,15,52,2017/5/7 16:15,2017/5/7 18:25,118,0,0,0,0,1:00:00,0,0,,1.5,0,,0,0,0,0
1392,0,1381,52,78,2017/5/7 19:25,2017/5/7 21:30,118,0,0,0,0,12:15:00,0,0,,1.5,0,,0,0,0,0
1319,0,1366,78,52,2017/5/8 9:45,2017/5/8 11:55,118,0,0,0,0,1:00:00,0,0,,1.5,0,,0,0,0,0
1366,0,1319,52,15,2017/5/8 12:55,2017/5/8 15:10,118,0,0,0,0,1:10:00,0,0,,1.5,0,,0,0,0,0
1344,0,1309,15,49,2017/5/8 16:20,2017/5/8 17:40,118,0,0,0,0,1:40:00,0,0,,1.5,0,,0,0,0,0
1309,0,1344,49,27,2017/5/8 19:20,2017/5/8 22:15,118,0,0,0,0,-1.125,0,0,,1.5,0,,0,0,0,0
1699,1,1710,48,38,2017/5/7 19:15,2017/5/7 21:25,119,0,0,0,0,1:05:00,0,0,,1,0,,0,0,0,0
1710,1,1699,38,52,2017/5/7 22:30,2017/5/7 23:45,119,0,0,0,0,13:35:00,0,0,,1,0,,0,0,0,0
1725,1,1689,52,38,2017/5/8 13:20,2017/5/8 14:55,119,0,0,0,0,1:10:00,0,0,,1,0,,0,0,0,0
1689,1,1725,38,48,2017/5/8 16:05,2017/5/8 18:15,119,0,0,0,0,1:00:00,0,0,,1,0,,0,0,0,0
1716,1,1719,48,38,2017/5/8 19:15,2017/5/8 21:25,119,0,0,0,0,1:05:00,0,0,,1,0,,0,0,0,0
1719,1,1716,38,52,2017/5/8 22:30,2017/5/8 23:45,119,0,0,0,0,-1.11111111111677,0,0,,1,0,,0,0,0,0
78,1,-1,49,67,2017/5/7 21:05,2017/5/7 23:35,120,0,0,0,0,8:40:00,0,0,,1,0,,0,0,0,0
1756,1,-1,67,27,2017/5/8 8:15,2017/5/8 10:40,120,0,0,0,0,1:05:00,0,0,,1,0,,0,0,0,0
1097,1,1058,27,50,2017/5/8 11:45,2017/5/8 14:15,120,0,0,0,0,0:50:00,0,0,,1,0,,0,0,0,0
1058,1,1097,50,34,2017/5/8 15:05,2017/5/8 17:30,120,0,0,0,0,0:50:00,0,0,,1,0,,0,0,0,0
1070,1,1085,34,50,2017/5/8 18:20,2017/5/8 20:25,120,0,0,0,0,0:45:00,0,0,,1,0,,0,0,0,0
1085,1,1070,50,27,2017/5/8 21:10,2017/5/8 23:45,120,0,0,0,0,-1.19791666667152,0,0,,1,0,,0,0,0,0
2315,1,2321,44,38,2017/5/7 19:00,2017/5/7 21:00,121,0,0,0,0,1:10:00,0,0,,1,0,,0,0,0,0
2321,1,2315,38,49,2017/5/7 22:10,2017/5/7 23:40,121,0,0,0,0,8:30:00,0,0,,1,0,,0,0,0,0
767,1,783,49,37,2017/5/8 8:10,2017/5/8 10:20,121,0,0,0,0,1:00:00,0,0,,1,0,,0,0,0,0
783,1,767,37,44,2017/5/8 11:20,2017/5/8 13:10,121,0,0,0,0,0:50:00,0,0,,1,0,,0,0,0,0
840,1,842,44,37,2017/5/8 14:00,2017/5/8 15:40,121,0,0,0,0,1:10:00,0,0,,1,0,,0,0,0,0
842,1,840,37,49,2017/5/8 16:50,2017/5/8 19:05,121,0,0,0,0,2:00:00,0,0,,1,0,,0,0,0,0
79,1,-1,49,67,2017/5/8 21:05,2017/5/8 23:35,121,0,0,0,0,-1.41666666667152,0,0,,1,0,,0,0,0,0
1943,1,1916,79,52,2017/5/7 13:35,2017/5/7 16:15,122,0,0,0,0,1:15:00,0,0,,1,0,,0,0,0,0
1916,1,1943,52,32,2017/5/7 17:30,2017/5/7 19:25,122,0,0,0,0,13:55:00,0,0,,1,0,,0,0,0,0
1931,1,1933,32,52,2017/5/8 9:20,2017/5/8 10:50,122,0,0,0,0,1:00:00,0,0,,1,0,,0,0,0,0
1933,1,1931,52,79,2017/5/8 11:50,2017/5/8 14:40,122,0,0,0,0,0:45:00,0,0,,1,0,,0,0,0,0
466,1,482,79,49,2017/5/8 15:25,2017/5/8 18:55,122,0,0,0,0,1:15:00,0,0,,1,0,,0,0,0,0
482,1,466,49,36,2017/5/8 20:10,2017/5/8 21:20,122,0,0,0,0,1:05:00,0,0,,1,0,,0,0,0,0
1124,1,-1,36,50,2017/5/8 22:25,2017/5/9 0:05,122,0,0,0,0,-1.31597222221899,0,0,,1,0,,0,0,0,0
2006,1,1990,77,27,2017/5/7 16:30,2017/5/7 18:35,123,0,0,0,0,1:30:00,0,0,,1,0,,0,0,0,0
1990,1,2006,27,32,2017/5/7 20:05,2017/5/7 22:25,123,0,0,0,0,10:30:00,0,0,,1,0,,0,0,0,0
1984,1,1959,32,27,2017/5/8 8:55,2017/5/8 11:10,123,0,0,0,0,1:35:00,0,0,,1,0,,0,0,0,0
1959,1,1984,27,77,2017/5/8 12:45,2017/5/8 15:00,123,0,0,0,0,1:30:00,0,0,,1,0,,0,0,0,0
2007,1,1991,77,27,2017/5/8 16:30,2017/5/8 18:35,123,0,0,0,0,1:30:00,0,0,,1,0,,0,0,0,0
1991,1,2007,27,32,2017/5/8 20:05,2017/5/8 22:25,123,0,0,0,0,-1.15277777778101,0,0,,1,0,,0,0,0,0
1670,1,-1,67,49,2017/5/7 18:45,2017/5/7 21:10,124,0,0,0,0,10:20:00,0,0,,1,0,,0,0,0,0
2118,1,2102,49,60,2017/5/8 7:30,2017/5/8 10:00,124,0,0,0,0,0:45:00,0,0,,1,0,,0,0,0,0
2102,1,2118,60,26,2017/5/8 10:45,2017/5/8 12:40,124,0,0,0,0,0:45:00,0,0,,1,0,,0,0,0,0
800,1,801,26,32,2017/5/8 13:25,2017/5/8 15:45,124,0,0,0,0,0:55:00,0,0,,1,0,,0,0,0,0
801,1,800,32,50,2017/5/8 16:40,2017/5/8 18:05,124,0,0,0,0,-0.864583333328483,0,0,,1,0,,0,0,0,0
1857,1,-1,33,49,2017/5/7 21:20,2017/5/7 22:55,125,0,0,0,0,9:25:00,0,0,,1,0,,0,0,0,0
1277,1,-1,49,68,2017/5/8 8:20,2017/5/8 10:30,125,0,0,0,0,0:55:00,0,0,,1,0,,0,0,0,0
1713,1,-1,68,52,2017/5/8 11:25,2017/5/8 13:50,125,0,0,0,0,-0.864583333335759,0,0,,1,0,,0,0,0,0
626,1,634,30,32,2017/5/7 17:05,2017/5/7 18:50,126,0,0,0,0,1:00:00,0,0,,1,0,,0,0,0,0
634,1,626,32,50,2017/5/7 19:50,2017/5/7 21:20,126,0,0,0,0,10:45:00,0,0,,1,0,,0,0,0,0
321,1,280,50,60,2017/5/8 8:05,2017/5/8 10:10,126,0,0,0,0,0:50:00,0,0,,1,0,,0,0,0,0
280,1,321,60,79,2017/5/8 11:00,2017/5/8 12:30,126,0,0,0,0,1:05:00,0,0,,1,0,,0,0,0,0
1944,1,1917,79,52,2017/5/8 13:35,2017/5/8 16:15,126,0,0,0,0,1:15:00,0,0,,1,0,,0,0,0,0
1917,1,1944,52,32,2017/5/8 17:30,2017/5/8 19:25,126,0,0,0,0,-1.01388888889051,0,0,,1,0,,0,0,0,0
1746,1,-1,27,67,2017/5/7 19:05,2017/5/7 21:45,127,0,0,0,0,10:20:00,0,0,,1,0,,0,0,0,0
1216,1,1221,67,33,2017/5/8 8:05,2017/5/8 9:30,127,0,0,0,0,0:45:00,0,0,,1,0,,0,0,0,0
1221,1,1216,33,49,2017/5/8 10:15,2017/5/8 12:00,127,0,0,0,0,1:15:00,0,0,,1,0,,0,0,0,0
1066,0,-1,49,16,2017/5/8 13:15,2017/5/8 16:40,127,0,0,0,0,1:00:00,0,0,,1.5,0,,0,0,0,0
1059,0,-1,16,49,2017/5/8 17:40,2017/5/8 20:55,127,0,0,0,0,-1.36805555556202,0,0,,1.5,0,,0,0,0,0
2058,1,2062,32,54,2017/5/7 12:05,2017/5/7 14:00,128,0,0,0,0,0:45:00,0,0,,1,0,,0,0,0,0
2062,1,2058,54,76,2017/5/7 14:45,2017/5/7 16:40,128,0,0,0,0,0:45:00,0,0,,1,0,,0,0,0,0
1994,1,2002,76,52,2017/5/7 17:25,2017/5/7 20:30,128,0,0,0,0,1:05:00,0,0,,1,0,,0,0,0,0
2002,1,1994,52,36,2017/5/7 21:35,2017/5/7 23:50,128,0,0,0,0,6:45:00,0,0,,1,0,,0,0,0,0
2011,1,1999,36,52,2017/5/8 6:35,2017/5/8 8:35,128,0,0,0,0,1:00:00,0,0,,1,0,,0,0,0,0
1999,1,2011,52,76,2017/5/8 9:35,2017/5/8 12:25,128,0,0,0,0,1:20:00,0,0,,1,0,,0,0,0,0
2051,1,2055,76,54,2017/5/8 13:45,2017/5/8 15:45,128,0,0,0,0,1:00:00,0,0,,1,0,,0,0,0,0
2055,1,2051,54,32,2017/5/8 16:45,2017/5/8 19:05,128,0,0,0,0,2:55:00,0,0,,1,0,,0,0,0,0
2142,1,-1,32,25,2017/5/8 22:00,2017/5/9 0:25,128,0,0,0,0,-1.34722222221899,0,0,,1,0,,0,0,0,0
1642,1,-1,52,67,2017/5/7 16:05,2017/5/7 18:30,129,0,0,0,0,1:00:00,0,0,,1,0,,0,0,0,0
1624,1,-1,67,52,2017/5/7 19:30,2017/5/7 21:50,129,0,0,0,0,9:55:00,0,0,,1,0,,0,0,0,0
1694,1,-1,52,68,2017/5/8 7:45,2017/5/8 10:10,129,0,0,0,0,1:05:00,0,0,,1,0,,0,0,0,0
7,1,-1,68,49,2017/5/8 11:15,2017/5/8 13:25,129,0,0,0,0,1:45:00,0,0,,1,0,,0,0,0,0
1652,1,-1,49,67,2017/5/8 15:10,2017/5/8 17:40,129,0,0,0,0,1:05:00,0,0,,1,0,,0,0,0,0
1671,1,-1,67,49,2017/5/8 18:45,2017/5/8 21:10,129,0,0,0,0,-1.21180555555475,0,0,,1,0,,0,0,0,0
2167,1,2179,75,27,2017/5/7 16:05,2017/5/7 19:45,130,0,0,0,0,1:25:00,0,0,,1,0,,0,0,0,0
2179,1,2167,27,52,2017/5/7 21:10,2017/5/7 23:10,130,0,0,0,0,9:00:00,0,0,,1,0,,0,0,0,0
1618,1,-1,52,72,2017/5/8 8:10,2017/5/8 11:05,130,0,0,0,0,1:05:00,0,0,,1,0,,0,0,0,0
1628,1,-1,72,52,2017/5/8 12:10,2017/5/8 15:05,130,0,0,0,0,-0.819444444437977,0,0,,1,0,,0,0,0,0
653,1,-1,30,49,2017/5/7 19:25,2017/5/7 22:05,131,0,0,0,0,8:45:00,0,0,,1,0,,0,0,0,0
1244,1,1255,49,33,2017/5/8 6:50,2017/5/8 8:40,131,0,0,0,0,0:45:00,0,0,,1,0,,0,0,0,0
1255,1,1244,33,67,2017/5/8 9:25,2017/5/8 10:45,131,0,0,0,0,1:00:00,0,0,,1,0,,0,0,0,0
93,1,-1,67,49,2017/5/8 11:45,2017/5/8 14:15,131,0,0,0,0,2:35:00,0,0,,1,0,,0,0,0,0
486,1,443,49,57,2017/5/8 16:50,2017/5/8 18:40,131,0,0,0,0,1:00:00,0,0,,1,0,,0,0,0,0
443,1,486,57,77,2017/5/8 19:40,2017/5/8 22:25,131,0,0,0,0,-0.628472222226264,0,0,,1,0,,0,0,0,0
1936,1,1947,77,52,2017/5/8 7:20,2017/5/8 10:45,132,0,0,0,0,1:50:00,0,0,,1,0,,0,0,0,0
1947,1,1936,52,41,2017/5/8 12:35,2017/5/8 15:25,132,0,0,0,0,1:00:00,0,0,,1,0,,0,0,0,0
1913,1,1910,41,52,2017/5/8 16:25,2017/5/8 18:55,132,0,0,0,0,1:05:00,0,0,,1,0,,0,0,0,0
1910,1,1913,52,77,2017/5/8 20:00,2017/5/8 23:15,132,0,0,0,0,-1.11805555555475,0,0,,1,0,,0,0,0,0
1896,1,-1,42,25,2017/5/7 20:25,2017/5/8 0:10,133,0,0,0,0,6:45:00,0,0,,1,0,,0,0,0,0
1885,1,-1,25,42,2017/5/8 6:55,2017/5/8 11:20,133,0,0,0,0,1:00:00,0,0,,1,0,,0,0,0,0
1002,1,-1,42,49,2017/5/8 12:20,2017/5/8 14:20,133,0,0,0,0,4:30:00,0,0,,1,0,,0,0,0,0
1855,1,-1,49,33,2017/5/8 18:50,2017/5/8 20:30,133,0,0,0,0,0:50:00,0,0,,1,0,,0,0,0,0
1858,1,-1,33,49,2017/5/8 21:20,2017/5/8 22:55,133,0,0,0,0,-1.10069444444525,0,0,,1,0,,0,0,0,0
156,1,-1,49,72,2017/5/7 20:30,2017/5/7 23:30,134,0,0,0,0,7:05:00,0,0,,1,0,,0,0,0,0
133,1,-1,72,49,2017/5/8 6:35,2017/5/8 9:20,134,0,0,0,0,2:50:00,0,0,,1,0,,0,0,0,0
337,1,399,49,60,2017/5/8 12:10,2017/5/8 14:40,134,0,0,0,0,0:45:00,0,0,,1,0,,0,0,0,0
399,1,337,60,76,2017/5/8 15:25,2017/5/8 17:20,134,0,0,0,0,0:45:00,0,0,,1,0,,0,0,0,0
362,1,369,76,60,2017/5/8 18:05,2017/5/8 20:05,134,0,0,0,0,0:55:00,0,0,,1,0,,0,0,0,0
369,1,362,60,49,2017/5/8 21:00,2017/5/8 23:25,134,0,0,0,0,-1.28125,0,0,,1,0,,0,0,0,0
322,1,324,79,60,2017/5/7 16:40,2017/5/7 18:20,135,0,0,0,0,1:00:00,0,0,,1,0,,0,0,0,0
324,1,322,60,50,2017/5/7 19:20,2017/5/7 21:30,135,0,0,0,0,10:00:00,0,0,,1,0,,0,0,0,0
18,1,-1,50,72,2017/5/8 7:30,2017/5/8 10:25,135,0,0,0,0,1:15:00,0,0,,1,0,,0,0,0,0
58,1,-1,72,50,2017/5/8 11:40,2017/5/8 14:25,135,0,0,0,0,3:00:00,0,0,,1,0,,0,0,0,0
911,1,-1,50,46,2017/5/8 17:25,2017/5/8 20:10,135,0,0,0,0,1:05:00,0,0,,1,0,,0,0,0,0
888,1,-1,46,50,2017/5/8 21:15,2017/5/9 0:05,135,0,0,0,0,-0.677083333328483,0,0,,1,0,,0,0,0,0
761,1,772,50,32,2017/5/8 7:50,2017/5/8 9:15,136,0,0,0,0,1:00:00,0,0,,1,0,,0,0,0,0
772,1,761,32,26,2017/5/8 10:15,2017/5/8 12:40,136,0,0,0,0,0:45:00,0,0,,1,0,,0,0,0,0
2107,1,2112,26,60,2017/5/8 13:25,2017/5/8 15:15,136,0,0,0,0,0:50:00,0,0,,1,0,,0,0,0,0
2112,1,2107,60,49,2017/5/8 16:05,2017/5/8 18:35,136,0,0,0,0,-0.336805555554747,0,0,,1,0,,0,0,0,0
2209,1,2204,27,52,2017/5/8 10:30,2017/5/8 12:30,137,0,0,0,0,1:00:00,0,0,,1,0,,0,0,0,0
2204,1,2209,52,42,2017/5/8 13:30,2017/5/8 16:35,137,0,0,0,0,0:55:00,0,0,,1,0,,0,0,0,0
2221,1,2223,42,52,2017/5/8 17:30,2017/5/8 20:25,137,0,0,0,0,1:00:00,0,0,,1,0,,0,0,0,0
2223,1,2221,52,27,2017/5/8 21:25,2017/5/8 23:40,137,0,0,0,0,-0.600694444445253,0,0,,1,0,,0,0,0,0
1453,0,-1,50,3,2017/5/8 9:15,2017/5/8 23:55,138,0,0,0,0,-1.17708333333576,0,0,,2,0,,0,0,0,0
1667,1,1674,72,32,2017/5/7 19:40,2017/5/7 21:30,139,0,0,0,0,0:50:00,0,0,,1,0,,0,0,0,0
1674,1,1667,32,52,2017/5/7 22:20,2017/5/7 23:55,139,0,0,0,0,7:40:00,0,0,,1,0,,0,0,0,0
2184,1,2176,52,27,2017/5/8 7:35,2017/5/8 9:40,139,0,0,0,0,1:00:00,0,0,,1,0,,0,0,0,0
2176,1,2184,27,75,2017/5/8 10:40,2017/5/8 14:55,139,0,0,0,0,1:10:00,0,0,,1,0,,0,0,0,0
2168,1,2180,75,27,2017/5/8 16:05,2017/5/8 19:45,139,0,0,0,0,1:25:00,0,0,,1,0,,0,0,0,0
2180,1,2168,27,52,2017/5/8 21:10,2017/5/8 23:10,139,0,0,0,0,-1.48958333333576,0,0,,1,0,,0,0,0,0
1712,1,-1,68,52,2017/5/7 11:25,2017/5/7 13:50,140,0,0,0,0,4:05:00,0,0,,1,0,,0,0,0,0
2129,1,-1,52,30,2017/5/7 17:55,2017/5/7 20:15,140,0,0,0,0,0:55:00,0,0,,1,0,,0,0,0,0
2127,1,-1,30,52,2017/5/7 21:10,2017/5/7 23:15,140,0,0,0,0,8:20:00,0,0,,1,0,,0,0,0,0
1584,1,-1,52,34,2017/5/8 7:35,2017/5/8 10:10,140,0,0,0,0,0:45:00,0,0,,1,0,,0,0,0,0
1591,1,-1,34,52,2017/5/8 10:55,2017/5/8 13:15,140,0,0,0,0,1:00:00,0,0,,1,0,,0,0,0,0
1664,1,1656,52,32,2017/5/8 14:15,2017/5/8 15:55,140,0,0,0,0,0:55:00,0,0,,1,0,,0,0,0,0
1656,1,1664,32,72,2017/5/8 16:50,2017/5/8 18:40,140,0,0,0,0,1:00:00,0,0,,1,0,,0,0,0,0
1668,1,1675,72,32,2017/5/8 19:40,2017/5/8 21:30,140,0,0,0,0,0:50:00,0,0,,1,0,,0,0,0,0
1675,1,1668,32,52,2017/5/8 22:20,2017/5/8 23:55,140,0,0,0,0,-1.33333333333576,0,0,,1,0,,0,0,0,0
785,1,796,26,52,2017/5/7 15:55,2017/5/7 18:20,141,0,0,0,0,1:10:00,0,0,,1,0,,0,0,0,0
796,1,785,52,49,2017/5/7 19:30,2017/5/7 21:05,141,0,0,0,0,12:45:00,0,0,,1,0,,0,0,0,0
816,1,774,49,52,2017/5/8 9:50,2017/5/8 11:25,141,0,0,0,0,1:00:00,0,0,,1,0,,0,0,0,0
774,1,816,52,26,2017/5/8 12:25,2017/5/8 15:05,141,0,0,0,0,0:50:00,0,0,,1,0,,0,0,0,0
786,1,797,26,52,2017/5/8 15:55,2017/5/8 18:20,141,0,0,0,0,1:10:00,0,0,,1,0,,0,0,0,0
797,1,786,52,49,2017/5/8 19:30,2017/5/8 21:05,141,0,0,0,0,-1.30555555555475,0,0,,1,0,,0,0,0,0
2050,1,2054,76,54,2017/5/7 13:45,2017/5/7 15:45,142,0,0,0,0,1:00:00,0,0,,1,0,,0,0,0,0
2054,1,2050,54,32,2017/5/7 16:45,2017/5/7 19:05,142,0,0,0,0,2:55:00,0,0,,1,0,,0,0,0,0
2141,1,-1,32,25,2017/5/7 22:00,2017/5/8 0:25,142,0,0,0,0,6:20:00,0,0,,1,0,,0,0,0,0
2122,1,-1,25,32,2017/5/8 6:45,2017/5/8 9:25,142,0,0,0,0,2:40:00,0,0,,1,0,,0,0,0,0
2059,1,2063,32,54,2017/5/8 12:05,2017/5/8 14:00,142,0,0,0,0,0:45:00,0,0,,1,0,,0,0,0,0
2063,1,2059,54,76,2017/5/8 14:45,2017/5/8 16:40,142,0,0,0,0,0:45:00,0,0,,1,0,,0,0,0,0
1995,1,2003,76,52,2017/5/8 17:25,2017/5/8 20:30,142,0,0,0,0,1:05:00,0,0,,1,0,,0,0,0,0
2003,1,1995,52,36,2017/5/8 21:35,2017/5/8 23:50,142,0,0,0,0,-42863.9930555556,0,0,,1,0,,0,0,0,0
